sequence_id,deployment_id,start_whistle_index,end_whistle_index,length,duration,start_period,end_period,start_game_time,end_game_time,start_period_time,end_period_time,zones_visited,game_state_before,game_state_after,home,away,possession_changes,shots_total,shots_on_net,shots_missed,shots_blocked,passes,oz_entries_controlled,oz_entries_dump,dz_exits_controlled,dz_exits_dump,lpr_recoveries,pressure_events,turnovers,start_zone,end_zone,deployment_strength,deployment_home_zone,deployment_away_zone,deployment_home_team_id,deployment_away_team_id
0,,0,40,40,30.4,1,1,0.0,30.4,0.0,30.4,"['nz', 'dz', 'oz']","{'home_score': 0, 'away_score': 0, 'score_diff': 0, 'home_skaters': None, 'away_skaters': None, 'strength': None, 'period': 1, 'time_remaining_period': 1200.0, 'period_type': 'REG', 'microtrend_60': {'home': {'goals': 0, 'shot_attempts': 0, 'entries_c_att': 0, 'entries_c_succ': 0, 'pressure_events': 0, 'turnovers': 0}, 'away': {'goals': 0, 'shot_attempts': 0, 'entries_c_att': 0, 'entries_c_succ': 0, 'pressure_events': 0, 'turnovers': 0}}}","{'home_score': 0, 'away_score': 0, 'score_diff': 0, 'home_skaters': 5, 'away_skaters': 5, 'strength': '5v5', 'period': 1, 'time_remaining_period': 1169.6, 'period_type': 'REG', 'microtrend_60': {'home': {'goals': 0, 'shot_attempts': 2, 'entries_c_att': 1, 'entries_c_succ': 0, 'pressure_events': 2, 'turnovers': 1}, 'away': {'goals': 0, 'shot_attempts': 2, 'entries_c_att': 0, 'entries_c_succ': 0, 'pressure_events': 1, 'turnovers': 1}}}","{'zone_time': {'oz': 0.5333333333329975, 'nz': 8.366666666667001, 'dz': 21.5}, 'possession_time': 9.2000000000003, 'entries': {'controlled_attempts': 1, 'controlled_success': 0, 'dump_attempts': 0}, 'exits': {'controlled_attempts': 0, 'controlled_success': 0, 'dump_attempts': 0}, 'shots': {'on': 0, 'missed': 0, 'blocked': 0, 'total': 1}, 'passes': 4, 'lpr_recoveries': 1, 'pressure_events': 2, 'turnovers': 1}","{'zone_time': {'oz': 21.5, 'nz': 8.366666666667001, 'dz': 0.5333333333329975}, 'possession_time': 21.166666666666366, 'entries': {'controlled_attempts': 0, 'controlled_success': 0, 'dump_attempts': 1}, 'exits': {'controlled_attempts': 0, 'controlled_success': 0, 'dump_attempts': 0}, 'shots': {'on': 0, 'missed': 1, 'blocked': 0, 'total': 2}, 'passes': 6, 'lpr_recoveries': 2, 'pressure_events': 1, 'turnovers': 1}",2,3,0,1,0,10,1,1,0,0,3,3,2,,oz,,,,,
1,0.0,40,261,221,204.16666666666302,1,1,32.266666666667,236.43333333333,32.266666666667,236.43333333333,"['dz', 'oz', 'nz']","{'home_score': 0, 'away_score': 0, 'score_diff': 0, 'home_skaters': None, 'away_skaters': None, 'strength': None, 'period': 1, 'time_remaining_period': 1167.733333333333, 'period_type': 'REG', 'microtrend_60': {'home': {'goals': 0, 'shot_attempts': 2, 'entries_c_att': 1, 'entries_c_succ': 0, 'pressure_events': 2, 'turnovers': 1}, 'away': {'goals': 0, 'shot_attempts': 2, 'entries_c_att': 0, 'entries_c_succ': 0, 'pressure_events': 1, 'turnovers': 1}}}","{'home_score': 0, 'away_score': 0, 'score_diff': 0, 'home_skaters': 5, 'away_skaters': 5, 'strength': '5v5', 'period': 1, 'time_remaining_period': 963.56666666667, 'period_type': 'REG', 'microtrend_60': {'home': {'goals': 0, 'shot_attempts': 2, 'entries_c_att': 1, 'entries_c_succ': 1, 'pressure_events': 1, 'turnovers': 3}, 'away': {'goals': 0, 'shot_attempts': 3, 'entries_c_att': 0, 'entries_c_succ': 0, 'pressure_events': 2, 'turnovers': 2}}}","{'zone_time': {'oz': 76.16666666665299, 'nz': 31.166666666693985, 'dz': 96.83333333331603}, 'possession_time': 88.000000000003, 'entries': {'controlled_attempts': 1, 'controlled_success': 1, 'dump_attempts': 6}, 'exits': {'controlled_attempts': 2, 'controlled_success': 2, 'dump_attempts': 2}, 'shots': {'on': 1, 'missed': 0, 'blocked': 2, 'total': 12}, 'passes': 20, 'lpr_recoveries': 11, 'pressure_events': 9, 'turnovers': 9}","{'zone_time': {'oz': 96.83333333331603, 'nz': 31.166666666693985, 'dz': 76.16666666665299}, 'possession_time': 115.999999999994, 'entries': {'controlled_attempts': 2, 'controlled_success': 0, 'dump_attempts': 8}, 'exits': {'controlled_attempts': 1, 'controlled_success': 1, 'dump_attempts': 2}, 'shots': {'on': 1, 'missed': 3, 'blocked': 2, 'total': 11}, 'passes': 38, 'lpr_recoveries': 9, 'pressure_events': 8, 'turnovers': 8}",2,23,2,3,4,58,3,14,3,4,20,17,17,,dz,5v5,oz,dz,28.0,8.0
2,1.0,261,302,41,30.666666666660007,1,1,238.36666666667,269.03333333333,238.36666666667,269.03333333333,"['oz', 'dz', 'nz']","{'home_score': 0, 'away_score': 0, 'score_diff': 0, 'home_skaters': None, 'away_skaters': None, 'strength': None, 'period': 1, 'time_remaining_period': 961.63333333333, 'period_type': 'REG', 'microtrend_60': {'home': {'goals': 0, 'shot_attempts': 2, 'entries_c_att': 1, 'entries_c_succ': 1, 'pressure_events': 1, 'turnovers': 3}, 'away': {'goals': 0, 'shot_attempts': 3, 'entries_c_att': 0, 'entries_c_succ': 0, 'pressure_events': 2, 'turnovers': 2}}}","{'home_score': 0, 'away_score': 0, 'score_diff': 0, 'home_skaters': None, 'away_skaters': None, 'strength': None, 'period': 1, 'time_remaining_period': 930.96666666667, 'period_type': 'REG', 'microtrend_60': {'home': {'goals': 0, 'shot_attempts': 3, 'entries_c_att': 1, 'entries_c_succ': 0, 'pressure_events': 0, 'turnovers': 2}, 'away': {'goals': 0, 'shot_attempts': 4, 'entries_c_att': 0, 'entries_c_succ': 0, 'pressure_events': 5, 'turnovers': 1}}}","{'zone_time': {'oz': 24.566666666660012, 'nz': 1.5666666666600122, 'dz': 4.533333333339982}, 'possession_time': 24.099999999999994, 'entries': {'controlled_attempts': 1, 'controlled_success': 0, 'dump_attempts': 2}, 'exits': {'controlled_attempts': 1, 'controlled_success': 1, 'dump_attempts': 0}, 'shots': {'on': 2, 'missed': 0, 'blocked': 0, 'total': 2}, 'passes': 9, 'lpr_recoveries': 2, 'pressure_events': 0, 'turnovers': 1}","{'zone_time': {'oz': 4.533333333339982, 'nz': 1.5666666666600122, 'dz': 24.566666666660012}, 'possession_time': 5.933333333330012, 'entries': {'controlled_attempts': 0, 'controlled_success': 0, 'dump_attempts': 0}, 'exits': {'controlled_attempts': 0, 'controlled_success': 0, 'dump_attempts': 1}, 'shots': {'on': 0, 'missed': 0, 'blocked': 0, 'total': 2}, 'passes': 1, 'lpr_recoveries': 1, 'pressure_events': 3, 'turnovers': 0}",2,4,2,0,0,10,2,2,1,1,3,3,1,,,5v5,oz,dz,28.0,8.0
3,2.0,302,334,32,39.766666666670005,1,1,269.03333333333,308.8,269.03333333333,308.8,"['dz', 'oz', 'nz']","{'home_score': 0, 'away_score': 0, 'score_diff': 0, 'home_skaters': None, 'away_skaters': None, 'strength': None, 'period': 1, 'time_remaining_period': 930.96666666667, 'period_type': 'REG', 'microtrend_60': {'home': {'goals': 0, 'shot_attempts': 3, 'entries_c_att': 1, 'entries_c_succ': 0, 'pressure_events': 0, 'turnovers': 2}, 'away': {'goals': 0, 'shot_attempts': 4, 'entries_c_att': 0, 'entries_c_succ': 0, 'pressure_events': 5, 'turnovers': 1}}}","{'home_score': 0, 'away_score': 0, 'score_diff': 0, 'home_skaters': 5, 'away_skaters': 4, 'strength': '5v4', 'period': 1, 'time_remaining_period': 891.2, 'period_type': 'REG', 'microtrend_60': {'home': {'goals': 0, 'shot_attempts': 3, 'entries_c_att': 2, 'entries_c_succ': 0, 'pressure_events': 0, 'turnovers': 1}, 'away': {'goals': 0, 'shot_attempts': 3, 'entries_c_att': 0, 'entries_c_succ': 0, 'pressure_events': 3, 'turnovers': 0}}}","{'zone_time': {'oz': 17.033333333330006, 'nz': 3.0333333333399537, 'dz': 19.700000000000045}, 'possession_time': 26.966666666669994, 'entries': {'controlled_attempts': 1, 'controlled_success': 0, 'dump_attempts': 2}, 'exits': {'controlled_attempts': 1, 'controlled_success': 1, 'dump_attempts': 0}, 'shots': {'on': 0, 'missed': 0, 'blocked': 0, 'total': 0}, 'passes': 6, 'lpr_recoveries': 2, 'pressure_events': 0, 'turnovers': 1}","{'zone_time': {'oz': 19.700000000000045, 'nz': 3.0333333333399537, 'dz': 17.033333333330006}, 'possession_time': 11.600000000000023, 'entries': {'controlled_attempts': 0, 'controlled_success': 0, 'dump_attempts': 1}, 'exits': {'controlled_attempts': 0, 'controlled_success': 0, 'dump_attempts': 3}, 'shots': {'on': 0, 'missed': 0, 'blocked': 0, 'total': 1}, 'passes': 0, 'lpr_recoveries': 2, 'pressure_events': 1, 'turnovers': 0}",2,1,0,0,0,6,1,3,1,3,4,1,1,,oz,4v5,oz,dz,28.0,8.0
4,3.0,334,350,16,4.699999999999989,1,1,310.03333333333,314.73333333333,310.03333333333,314.73333333333,"['dz', 'oz']","{'home_score': 0, 'away_score': 0, 'score_diff': 0, 'home_skaters': None, 'away_skaters': None, 'strength': None, 'period': 1, 'time_remaining_period': 889.96666666667, 'period_type': 'REG', 'microtrend_60': {'home': {'goals': 0, 'shot_attempts': 3, 'entries_c_att': 2, 'entries_c_succ': 0, 'pressure_events': 0, 'turnovers': 1}, 'away': {'goals': 0, 'shot_attempts': 3, 'entries_c_att': 0, 'entries_c_succ': 0, 'pressure_events': 3, 'turnovers': 0}}}","{'home_score': 0, 'away_score': 0, 'score_diff': 0, 'home_skaters': 5, 'away_skaters': 4, 'strength': '5v4', 'period': 1, 'time_remaining_period': 885.2666666666701, 'period_type': 'REG', 'microtrend_60': {'home': {'goals': 0, 'shot_attempts': 3, 'entries_c_att': 2, 'entries_c_succ': 0, 'pressure_events': 1, 'turnovers': 2}, 'away': {'goals': 0, 'shot_attempts': 3, 'entries_c_att': 0, 'entries_c_succ': 0, 'pressure_events': 4, 'turnovers': 1}}}","{'zone_time': {'oz': 4.699999999999989, 'nz': 0.0, 'dz': 0.0}, 'possession_time': 0.3333333333299606, 'entries': {'controlled_attempts': 0, 'controlled_success': 0, 'dump_attempts': 0}, 'exits': {'controlled_attempts': 0, 'controlled_success': 0, 'dump_attempts': 0}, 'shots': {'on': 0, 'missed': 0, 'blocked': 0, 'total': 0}, 'passes': 1, 'lpr_recoveries': 1, 'pressure_events': 0, 'turnovers': 1}","{'zone_time': {'oz': 0.0, 'nz': 0.0, 'dz': 4.699999999999989}, 'possession_time': 3.033333333330006, 'entries': {'controlled_attempts': 0, 'controlled_success': 0, 'dump_attempts': 0}, 'exits': {'controlled_attempts': 0, 'controlled_success': 0, 'dump_attempts': 0}, 'shots': {'on': 0, 'missed': 0, 'blocked': 0, 'total': 0}, 'passes': 1, 'lpr_recoveries': 1, 'pressure_events': 1, 'turnovers': 1}",2,0,0,0,0,2,0,0,0,0,2,1,2,,oz,4v5,oz,dz,28.0,8.0
5,4.0,350,455,105,72.96666666667,1,1,316.03333333333,389.0,316.03333333333,389.0,"['oz', 'dz', 'nz']","{'home_score': 0, 'away_score': 0, 'score_diff': 0, 'home_skaters': None, 'away_skaters': None, 'strength': None, 'period': 1, 'time_remaining_period': 883.96666666667, 'period_type': 'REG', 'microtrend_60': {'home': {'goals': 0, 'shot_attempts': 3, 'entries_c_att': 2, 'entries_c_succ': 0, 'pressure_events': 1, 'turnovers': 2}, 'away': {'goals': 0, 'shot_attempts': 3, 'entries_c_att': 0, 'entries_c_succ': 0, 'pressure_events': 4, 'turnovers': 1}}}","{'home_score': 1, 'away_score': 0, 'score_diff': 1, 'home_skaters': 5, 'away_skaters': 5, 'strength': '5v5', 'period': 1, 'time_remaining_period': 811.0, 'period_type': 'REG', 'microtrend_60': {'home': {'goals': 1, 'shot_attempts': 3, 'entries_c_att': 0, 'entries_c_succ': 0, 'pressure_events': 0, 'turnovers': 4}, 'away': {'goals': 0, 'shot_attempts': 2, 'entries_c_att': 0, 'entries_c_succ': 0, 'pressure_events': 3, 'turnovers': 4}}}","{'zone_time': {'oz': 51.63333333332997, 'nz': 10.73333333334, 'dz': 10.600000000000023}, 'possession_time': 51.73333333332994, 'entries': {'controlled_attempts': 0, 'controlled_success': 0, 'dump_attempts': 3}, 'exits': {'controlled_attempts': 0, 'controlled_success': 0, 'dump_attempts': 0}, 'shots': {'on': 1, 'missed': 1, 'blocked': 0, 'total': 3}, 'passes': 26, 'lpr_recoveries': 3, 'pressure_events': 0, 'turnovers': 4}","{'zone_time': {'oz': 10.600000000000023, 'nz': 10.73333333334, 'dz': 51.63333333332997}, 'possession_time': 21.166666666660035, 'entries': {'controlled_attempts': 0, 'controlled_success': 0, 'dump_attempts': 3}, 'exits': {'controlled_attempts': 0, 'controlled_success': 0, 'dump_attempts': 1}, 'shots': {'on': 0, 'missed': 0, 'blocked': 0, 'total': 2}, 'passes': 6, 'lpr_recoveries': 4, 'pressure_events': 3, 'turnovers': 4}",2,5,1,1,0,32,0,6,0,1,7,3,8,,nz,4v5,oz,dz,28.0,8.0
6,5.0,455,551,96,91.0,1,1,389.03333333333,480.03333333333,389.03333333333,480.03333333333,"['nz', 'dz', 'oz']","{'home_score': 1, 'away_score': 0, 'score_diff': 1, 'home_skaters': None, 'away_skaters': None, 'strength': None, 'period': 1, 'time_remaining_period': 810.96666666667, 'period_type': 'REG', 'microtrend_60': {'home': {'goals': 1, 'shot_attempts': 3, 'entries_c_att': 0, 'entries_c_succ': 0, 'pressure_events': 0, 'turnovers': 4}, 'away': {'goals': 0, 'shot_attempts': 2, 'entries_c_att': 0, 'entries_c_succ': 0, 'pressure_events': 3, 'turnovers': 4}}}","{'home_score': 1, 'away_score': 0, 'score_diff': 1, 'home_skaters': None, 'away_skaters': None, 'strength': None, 'period': 1, 'time_remaining_period': 719.96666666667, 'period_type': 'REG', 'microtrend_60': {'home': {'goals': 0, 'shot_attempts': 1, 'entries_c_att': 0, 'entries_c_succ': 0, 'pressure_events': 0, 'turnovers': 2}, 'away': {'goals': 0, 'shot_attempts': 1, 'entries_c_att': 1, 'entries_c_succ': 0, 'pressure_events': 2, 'turnovers': 1}}}","{'zone_time': {'oz': 39.766666666670005, 'nz': 15.599999999999966, 'dz': 35.63333333333003}, 'possession_time': 28.33333333332007, 'entries': {'controlled_attempts': 0, 'controlled_success': 0, 'dump_attempts': 4}, 'exits': {'controlled_attempts': 0, 'controlled_success': 0, 'dump_attempts': 1}, 'shots': {'on': 1, 'missed': 0, 'blocked': 0, 'total': 1}, 'passes': 7, 'lpr_recoveries': 5, 'pressure_events': 1, 'turnovers': 3}","{'zone_time': {'oz': 35.63333333333003, 'nz': 15.599999999999966, 'dz': 39.766666666670005}, 'possession_time': 60.46666666667994, 'entries': {'controlled_attempts': 1, 'controlled_success': 0, 'dump_attempts': 3}, 'exits': {'controlled_attempts': 2, 'controlled_success': 2, 'dump_attempts': 0}, 'shots': {'on': 0, 'missed': 0, 'blocked': 0, 'total': 1}, 'passes': 15, 'lpr_recoveries': 5, 'pressure_events': 2, 'turnovers': 3}",2,2,1,0,0,22,1,7,2,1,10,3,6,,,5v5,nz,nz,28.0,8.0
7,6.0,551,693,142,154.36666666666997,1,1,480.03333333333,634.4,480.03333333333,634.4,"['oz', 'dz', 'nz']","{'home_score': 1, 'away_score': 0, 'score_diff': 1, 'home_skaters': None, 'away_skaters': None, 'strength': None, 'period': 1, 'time_remaining_period': 719.96666666667, 'period_type': 'REG', 'microtrend_60': {'home': {'goals': 0, 'shot_attempts': 1, 'entries_c_att': 0, 'entries_c_succ': 0, 'pressure_events': 0, 'turnovers': 2}, 'away': {'goals': 0, 'shot_attempts': 1, 'entries_c_att': 1, 'entries_c_succ': 0, 'pressure_events': 2, 'turnovers': 1}}}","{'home_score': 1, 'away_score': 0, 'score_diff': 1, 'home_skaters': 5, 'away_skaters': 5, 'strength': '5v5', 'period': 1, 'time_remaining_period': 565.6, 'period_type': 'REG', 'microtrend_60': {'home': {'goals': 0, 'shot_attempts': 3, 'entries_c_att': 1, 'entries_c_succ': 1, 'pressure_events': 2, 'turnovers': 3}, 'away': {'goals': 0, 'shot_attempts': 3, 'entries_c_att': 1, 'entries_c_succ': 0, 'pressure_events': 3, 'turnovers': 1}}}","{'zone_time': {'oz': 56.63333333332008, 'nz': 19.133333333340033, 'dz': 78.43333333333982}, 'possession_time': 48.600000000000136, 'entries': {'controlled_attempts': 1, 'controlled_success': 1, 'dump_attempts': 3}, 'exits': {'controlled_attempts': 2, 'controlled_success': 2, 'dump_attempts': 2}, 'shots': {'on': 0, 'missed': 0, 'blocked': 1, 'total': 8}, 'passes': 8, 'lpr_recoveries': 2, 'pressure_events': 7, 'turnovers': 4}","{'zone_time': {'oz': 78.43333333333982, 'nz': 19.133333333340033, 'dz': 56.63333333332008}, 'possession_time': 101.29999999999978, 'entries': {'controlled_attempts': 3, 'controlled_success': 1, 'dump_attempts': 3}, 'exits': {'controlled_attempts': 4, 'controlled_success': 4, 'dump_attempts': 1}, 'shots': {'on': 1, 'missed': 0, 'blocked': 2, 'total': 5}, 'passes': 23, 'lpr_recoveries': 6, 'pressure_events': 4, 'turnovers': 1}",2,13,1,0,3,31,4,6,6,3,8,11,5,,oz,5v4,dz,oz,28.0,8.0
8,7.0,693,733,40,30.700000000000045,1,1,636.03333333333,666.73333333333,636.03333333333,666.73333333333,"['oz', 'dz', 'nz']","{'home_score': 1, 'away_score': 0, 'score_diff': 1, 'home_skaters': None, 'away_skaters': None, 'strength': None, 'period': 1, 'time_remaining_period': 563.96666666667, 'period_type': 'REG', 'microtrend_60': {'home': {'goals': 0, 'shot_attempts': 3, 'entries_c_att': 1, 'entries_c_succ': 1, 'pressure_events': 2, 'turnovers': 3}, 'away': {'goals': 0, 'shot_attempts': 3, 'entries_c_att': 1, 'entries_c_succ': 0, 'pressure_events': 3, 'turnovers': 1}}}","{'home_score': 1, 'away_score': 0, 'score_diff': 1, 'home_skaters': 5, 'away_skaters': 5, 'strength': '5v5', 'period': 1, 'time_remaining_period': 533.26666666667, 'period_type': 'REG', 'microtrend_60': {'home': {'goals': 0, 'shot_attempts': 7, 'entries_c_att': 0, 'entries_c_succ': 0, 'pressure_events': 5, 'turnovers': 2}, 'away': {'goals': 0, 'shot_attempts': 7, 'entries_c_att': 2, 'entries_c_succ': 1, 'pressure_events': 4, 'turnovers': 1}}}","{'zone_time': {'oz': 12.699999999990041, 'nz': 4.933333333339988, 'dz': 13.066666666670017}, 'possession_time': 9.666666666660035, 'entries': {'controlled_attempts': 0, 'controlled_success': 0, 'dump_attempts': 1}, 'exits': {'controlled_attempts': 1, 'controlled_success': 1, 'dump_attempts': 0}, 'shots': {'on': 0, 'missed': 0, 'blocked': 0, 'total': 3}, 'passes': 1, 'lpr_recoveries': 1, 'pressure_events': 4, 'turnovers': 0}","{'zone_time': {'oz': 13.066666666670017, 'nz': 4.933333333339988, 'dz': 12.699999999990041}, 'possession_time': 21.0, 'entries': {'controlled_attempts': 1, 'controlled_success': 1, 'dump_attempts': 2}, 'exits': {'controlled_attempts': 0, 'controlled_success': 0, 'dump_attempts': 0}, 'shots': {'on': 0, 'missed': 1, 'blocked': 1, 'total': 4}, 'passes': 4, 'lpr_recoveries': 1, 'pressure_events': 1, 'turnovers': 1}",2,7,0,1,1,5,1,3,1,0,2,5,1,,oz,5v5,dz,oz,28.0,8.0
9,8.0,733,867,134,125.29999999999995,1,1,670.03333333333,795.33333333333,670.03333333333,795.33333333333,"['oz', 'dz', 'nz']","{'home_score': 1, 'away_score': 0, 'score_diff': 1, 'home_skaters': None, 'away_skaters': None, 'strength': None, 'period': 1, 'time_remaining_period': 529.96666666667, 'period_type': 'REG', 'microtrend_60': {'home': {'goals': 0, 'shot_attempts': 7, 'entries_c_att': 0, 'entries_c_succ': 0, 'pressure_events': 5, 'turnovers': 2}, 'away': {'goals': 0, 'shot_attempts': 7, 'entries_c_att': 2, 'entries_c_succ': 1, 'pressure_events': 4, 'turnovers': 1}}}","{'home_score': 1, 'away_score': 0, 'score_diff': 1, 'home_skaters': 5, 'away_skaters': 5, 'strength': '5v5', 'period': 1, 'time_remaining_period': 404.66666666667004, 'period_type': 'REG', 'microtrend_60': {'home': {'goals': 0, 'shot_attempts': 2, 'entries_c_att': 1, 'entries_c_succ': 1, 'pressure_events': 3, 'turnovers': 4}, 'away': {'goals': 0, 'shot_attempts': 2, 'entries_c_att': 1, 'entries_c_succ': 0, 'pressure_events': 1, 'turnovers': 5}}}","{'zone_time': {'oz': 56.50000000001012, 'nz': 21.89999999998986, 'dz': 46.89999999999998}, 'possession_time': 36.53333333333967, 'entries': {'controlled_attempts': 1, 'controlled_success': 1, 'dump_attempts': 1}, 'exits': {'controlled_attempts': 1, 'controlled_success': 1, 'dump_attempts': 1}, 'shots': {'on': 0, 'missed': 1, 'blocked': 0, 'total': 4}, 'passes': 9, 'lpr_recoveries': 3, 'pressure_events': 7, 'turnovers': 8}","{'zone_time': {'oz': 46.89999999999998, 'nz': 21.89999999998986, 'dz': 56.50000000001012}, 'possession_time': 87.09999999999025, 'entries': {'controlled_attempts': 2, 'controlled_success': 1, 'dump_attempts': 2}, 'exits': {'controlled_attempts': 2, 'controlled_success': 2, 'dump_attempts': 1}, 'shots': {'on': 0, 'missed': 2, 'blocked': 0, 'total': 5}, 'passes': 25, 'lpr_recoveries': 6, 'pressure_events': 2, 'turnovers': 8}",2,9,0,3,0,34,3,3,3,2,9,9,16,,oz,5v5,oz,dz,28.0,8.0
10,9.0,867,902,35,27.86666666666997,1,1,797.03333333333,824.9,797.03333333333,824.9,"['dz', 'oz', 'nz']","{'home_score': 1, 'away_score': 0, 'score_diff': 1, 'home_skaters': None, 'away_skaters': None, 'strength': None, 'period': 1, 'time_remaining_period': 402.96666666667, 'period_type': 'REG', 'microtrend_60': {'home': {'goals': 0, 'shot_attempts': 2, 'entries_c_att': 1, 'entries_c_succ': 1, 'pressure_events': 3, 'turnovers': 4}, 'away': {'goals': 0, 'shot_attempts': 2, 'entries_c_att': 1, 'entries_c_succ': 0, 'pressure_events': 1, 'turnovers': 5}}}","{'home_score': 1, 'away_score': 0, 'score_diff': 1, 'home_skaters': 5, 'away_skaters': 5, 'strength': '5v5', 'period': 1, 'time_remaining_period': 375.1, 'period_type': 'REG', 'microtrend_60': {'home': {'goals': 0, 'shot_attempts': 3, 'entries_c_att': 0, 'entries_c_succ': 0, 'pressure_events': 4, 'turnovers': 3}, 'away': {'goals': 0, 'shot_attempts': 2, 'entries_c_att': 1, 'entries_c_succ': 0, 'pressure_events': 1, 'turnovers': 3}}}","{'zone_time': {'oz': 3.466666666669994, 'nz': 4.333333333319956, 'dz': 20.06666666668002}, 'possession_time': 6.466666666680112, 'entries': {'controlled_attempts': 0, 'controlled_success': 0, 'dump_attempts': 0}, 'exits': {'controlled_attempts': 0, 'controlled_success': 0, 'dump_attempts': 2}, 'shots': {'on': 0, 'missed': 0, 'blocked': 0, 'total': 2}, 'passes': 1, 'lpr_recoveries': 1, 'pressure_events': 2, 'turnovers': 1}","{'zone_time': {'oz': 20.06666666668002, 'nz': 4.333333333319956, 'dz': 3.466666666669994}, 'possession_time': 19.999999999989882, 'entries': {'controlled_attempts': 0, 'controlled_success': 0, 'dump_attempts': 2}, 'exits': {'controlled_attempts': 1, 'controlled_success': 1, 'dump_attempts': 0}, 'shots': {'on': 0, 'missed': 0, 'blocked': 1, 'total': 1}, 'passes': 5, 'lpr_recoveries': 0, 'pressure_events': 1, 'turnovers': 0}",2,3,0,0,1,6,0,2,1,2,1,3,1,,dz,5v5,dz,oz,28.0,8.0
11,10.0,902,935,33,28.03333333334001,1,1,828.03333333333,856.06666666667,828.03333333333,856.06666666667,"['oz', 'dz', 'nz']","{'home_score': 1, 'away_score': 0, 'score_diff': 1, 'home_skaters': None, 'away_skaters': None, 'strength': None, 'period': 1, 'time_remaining_period': 371.96666666667, 'period_type': 'REG', 'microtrend_60': {'home': {'goals': 0, 'shot_attempts': 3, 'entries_c_att': 0, 'entries_c_succ': 0, 'pressure_events': 4, 'turnovers': 3}, 'away': {'goals': 0, 'shot_attempts': 2, 'entries_c_att': 1, 'entries_c_succ': 0, 'pressure_events': 1, 'turnovers': 3}}}","{'home_score': 1, 'away_score': 0, 'score_diff': 1, 'home_skaters': 5, 'away_skaters': 5, 'strength': '5v5', 'period': 1, 'time_remaining_period': 343.93333333333, 'period_type': 'REG', 'microtrend_60': {'home': {'goals': 0, 'shot_attempts': 3, 'entries_c_att': 0, 'entries_c_succ': 0, 'pressure_events': 3, 'turnovers': 1}, 'away': {'goals': 0, 'shot_attempts': 2, 'entries_c_att': 1, 'entries_c_succ': 0, 'pressure_events': 1, 'turnovers': 2}}}","{'zone_time': {'oz': 5.733333333339942, 'nz': 3.800000000000068, 'dz': 18.5}, 'possession_time': 8.033333333330006, 'entries': {'controlled_attempts': 0, 'controlled_success': 0, 'dump_attempts': 0}, 'exits': {'controlled_attempts': 0, 'controlled_success': 0, 'dump_attempts': 2}, 'shots': {'on': 0, 'missed': 0, 'blocked': 0, 'total': 1}, 'passes': 0, 'lpr_recoveries': 2, 'pressure_events': 1, 'turnovers': 0}","{'zone_time': {'oz': 18.5, 'nz': 3.800000000000068, 'dz': 5.733333333339942}, 'possession_time': 19.966666666669994, 'entries': {'controlled_attempts': 1, 'controlled_success': 0, 'dump_attempts': 0}, 'exits': {'controlled_attempts': 0, 'controlled_success': 0, 'dump_attempts': 0}, 'shots': {'on': 0, 'missed': 1, 'blocked': 0, 'total': 1}, 'passes': 8, 'lpr_recoveries': 1, 'pressure_events': 0, 'turnovers': 1}",2,2,0,1,0,8,1,0,0,2,3,1,1,,nz,5v5,dz,oz,28.0,8.0
12,11.0,935,1071,136,129.43333333334,1,1,858.03333333333,987.46666666667,858.03333333333,987.46666666667,"['oz', 'dz', 'nz']","{'home_score': 1, 'away_score': 0, 'score_diff': 1, 'home_skaters': None, 'away_skaters': None, 'strength': None, 'period': 1, 'time_remaining_period': 341.96666666667, 'period_type': 'REG', 'microtrend_60': {'home': {'goals': 0, 'shot_attempts': 3, 'entries_c_att': 0, 'entries_c_succ': 0, 'pressure_events': 3, 'turnovers': 1}, 'away': {'goals': 0, 'shot_attempts': 2, 'entries_c_att': 1, 'entries_c_succ': 0, 'pressure_events': 1, 'turnovers': 2}}}","{'home_score': 1, 'away_score': 0, 'score_diff': 1, 'home_skaters': 5, 'away_skaters': 5, 'strength': '5v5', 'period': 1, 'time_remaining_period': 212.53333333333, 'period_type': 'REG', 'microtrend_60': {'home': {'goals': 0, 'shot_attempts': 6, 'entries_c_att': 1, 'entries_c_succ': 1, 'pressure_events': 0, 'turnovers': 2}, 'away': {'goals': 0, 'shot_attempts': 8, 'entries_c_att': 0, 'entries_c_succ': 0, 'pressure_events': 8, 'turnovers': 3}}}","{'zone_time': {'oz': 88.5333333333499, 'nz': 18.19999999999004, 'dz': 22.700000000000045}, 'possession_time': 72.26666666666017, 'entries': {'controlled_attempts': 2, 'controlled_success': 1, 'dump_attempts': 3}, 'exits': {'controlled_attempts': 0, 'controlled_success': 0, 'dump_attempts': 0}, 'shots': {'on': 3, 'missed': 0, 'blocked': 2, 'total': 6}, 'passes': 24, 'lpr_recoveries': 3, 'pressure_events': 4, 'turnovers': 5}","{'zone_time': {'oz': 22.700000000000045, 'nz': 18.19999999999004, 'dz': 88.5333333333499}, 'possession_time': 56.133333333339806, 'entries': {'controlled_attempts': 2, 'controlled_success': 2, 'dump_attempts': 0}, 'exits': {'controlled_attempts': 0, 'controlled_success': 0, 'dump_attempts': 0}, 'shots': {'on': 0, 'missed': 0, 'blocked': 0, 'total': 7}, 'passes': 13, 'lpr_recoveries': 4, 'pressure_events': 8, 'turnovers': 6}",2,13,3,0,2,37,6,3,0,0,7,12,11,,dz,5v5,oz,dz,28.0,8.0
13,12.0,1071,1194,123,128.46666666670012,1,1,989.3,1117.7666666667,989.3,1117.7666666667,"['oz', 'dz', 'nz']","{'home_score': 1, 'away_score': 0, 'score_diff': 1, 'home_skaters': None, 'away_skaters': None, 'strength': None, 'period': 1, 'time_remaining_period': 210.70000000000005, 'period_type': 'REG', 'microtrend_60': {'home': {'goals': 0, 'shot_attempts': 6, 'entries_c_att': 1, 'entries_c_succ': 1, 'pressure_events': 0, 'turnovers': 2}, 'away': {'goals': 0, 'shot_attempts': 8, 'entries_c_att': 0, 'entries_c_succ': 0, 'pressure_events': 8, 'turnovers': 3}}}","{'home_score': 1, 'away_score': 0, 'score_diff': 1, 'home_skaters': 5, 'away_skaters': 5, 'strength': '5v5', 'period': 1, 'time_remaining_period': 82.23333333329992, 'period_type': 'REG', 'microtrend_60': {'home': {'goals': 0, 'shot_attempts': 2, 'entries_c_att': 1, 'entries_c_succ': 1, 'pressure_events': 1, 'turnovers': 1}, 'away': {'goals': 0, 'shot_attempts': 2, 'entries_c_att': 1, 'entries_c_succ': 0, 'pressure_events': 2, 'turnovers': 1}}}","{'zone_time': {'oz': 50.566666666700144, 'nz': 12.366666666699643, 'dz': 65.53333333330033}, 'possession_time': 49.03333333337014, 'entries': {'controlled_attempts': 1, 'controlled_success': 1, 'dump_attempts': 5}, 'exits': {'controlled_attempts': 1, 'controlled_success': 1, 'dump_attempts': 1}, 'shots': {'on': 0, 'missed': 1, 'blocked': 0, 'total': 5}, 'passes': 10, 'lpr_recoveries': 6, 'pressure_events': 4, 'turnovers': 6}","{'zone_time': {'oz': 65.53333333330033, 'nz': 12.366666666699643, 'dz': 50.566666666700144}, 'possession_time': 77.59999999999991, 'entries': {'controlled_attempts': 2, 'controlled_success': 0, 'dump_attempts': 5}, 'exits': {'controlled_attempts': 1, 'controlled_success': 1, 'dump_attempts': 0}, 'shots': {'on': 1, 'missed': 1, 'blocked': 1, 'total': 4}, 'passes': 17, 'lpr_recoveries': 3, 'pressure_events': 4, 'turnovers': 2}",2,9,1,2,1,27,4,10,2,1,9,8,8,,nz,5v5,oz,dz,28.0,8.0
14,13.0,1194,1228,34,29.799999999999955,1,1,1119.0333333333,1148.8333333333,1119.0333333333,1148.8333333333,"['nz', 'dz', 'oz']","{'home_score': 1, 'away_score': 0, 'score_diff': 1, 'home_skaters': None, 'away_skaters': None, 'strength': None, 'period': 1, 'time_remaining_period': 80.9666666666999, 'period_type': 'REG', 'microtrend_60': {'home': {'goals': 0, 'shot_attempts': 2, 'entries_c_att': 1, 'entries_c_succ': 1, 'pressure_events': 1, 'turnovers': 1}, 'away': {'goals': 0, 'shot_attempts': 2, 'entries_c_att': 1, 'entries_c_succ': 0, 'pressure_events': 2, 'turnovers': 1}}}","{'home_score': 1, 'away_score': 0, 'score_diff': 1, 'home_skaters': 5, 'away_skaters': 5, 'strength': '5v5', 'period': 1, 'time_remaining_period': 51.16666666669994, 'period_type': 'REG', 'microtrend_60': {'home': {'goals': 0, 'shot_attempts': 2, 'entries_c_att': 1, 'entries_c_succ': 1, 'pressure_events': 0, 'turnovers': 2}, 'away': {'goals': 0, 'shot_attempts': 2, 'entries_c_att': 0, 'entries_c_succ': 0, 'pressure_events': 3, 'turnovers': 3}}}","{'zone_time': {'oz': 9.666666666600122, 'nz': 6.900000000099908, 'dz': 13.233333333299925}, 'possession_time': 18.966666666699894, 'entries': {'controlled_attempts': 0, 'controlled_success': 0, 'dump_attempts': 1}, 'exits': {'controlled_attempts': 0, 'controlled_success': 0, 'dump_attempts': 1}, 'shots': {'on': 0, 'missed': 1, 'blocked': 0, 'total': 1}, 'passes': 4, 'lpr_recoveries': 3, 'pressure_events': 0, 'turnovers': 1}","{'zone_time': {'oz': 13.233333333299925, 'nz': 6.900000000099908, 'dz': 9.666666666600122}, 'possession_time': 8.966666666600076, 'entries': {'controlled_attempts': 0, 'controlled_success': 0, 'dump_attempts': 2}, 'exits': {'controlled_attempts': 0, 'controlled_success': 0, 'dump_attempts': 0}, 'shots': {'on': 0, 'missed': 0, 'blocked': 0, 'total': 1}, 'passes': 2, 'lpr_recoveries': 2, 'pressure_events': 1, 'turnovers': 2}",2,2,0,1,0,6,0,3,0,1,5,1,3,,dz,5v5,nz,nz,28.0,8.0
15,14.0,1228,1280,52,44.03333333330011,1,1,1150.9666666667,1195.0,1150.9666666667,1195.0,"['dz', 'oz', 'nz']","{'home_score': 1, 'away_score': 0, 'score_diff': 1, 'home_skaters': None, 'away_skaters': None, 'strength': None, 'period': 1, 'time_remaining_period': 49.03333333330011, 'period_type': 'REG', 'microtrend_60': {'home': {'goals': 0, 'shot_attempts': 2, 'entries_c_att': 1, 'entries_c_succ': 1, 'pressure_events': 0, 'turnovers': 2}, 'away': {'goals': 0, 'shot_attempts': 2, 'entries_c_att': 0, 'entries_c_succ': 0, 'pressure_events': 3, 'turnovers': 3}}}","{'home_score': 1, 'away_score': 0, 'score_diff': 1, 'home_skaters': 5, 'away_skaters': 5, 'strength': '5v5', 'period': 1, 'time_remaining_period': 5.0, 'period_type': 'REG', 'microtrend_60': {'home': {'goals': 0, 'shot_attempts': 4, 'entries_c_att': 0, 'entries_c_succ': 0, 'pressure_events': 5, 'turnovers': 5}, 'away': {'goals': 0, 'shot_attempts': 2, 'entries_c_att': 0, 'entries_c_succ': 0, 'pressure_events': 2, 'turnovers': 2}}}","{'zone_time': {'oz': 9.133333333300016, 'nz': 0.43333333329997004, 'dz': 34.46666666670012}, 'possession_time': 20.233333333200108, 'entries': {'controlled_attempts': 0, 'controlled_success': 0, 'dump_attempts': 1}, 'exits': {'controlled_attempts': 0, 'controlled_success': 0, 'dump_attempts': 0}, 'shots': {'on': 0, 'missed': 0, 'blocked': 0, 'total': 3}, 'passes': 5, 'lpr_recoveries': 3, 'pressure_events': 4, 'turnovers': 4}","{'zone_time': {'oz': 34.46666666670012, 'nz': 0.43333333329997004, 'dz': 9.133333333300016}, 'possession_time': 21.400000000099908, 'entries': {'controlled_attempts': 0, 'controlled_success': 0, 'dump_attempts': 2}, 'exits': {'controlled_attempts': 1, 'controlled_success': 1, 'dump_attempts': 0}, 'shots': {'on': 0, 'missed': 0, 'blocked': 2, 'total': 2}, 'passes': 5, 'lpr_recoveries': 2, 'pressure_events': 2, 'turnovers': 2}",2,5,0,0,2,10,0,3,1,0,5,6,6,,dz,5v5,dz,oz,28.0,8.0
16,15.0,1280,1326,46,38.233333333299925,1,2,1200.0,1238.2333333333,1200.0,38.233333333333,"['nz', 'dz', 'oz']","{'home_score': 1, 'away_score': 0, 'score_diff': 1, 'home_skaters': None, 'away_skaters': None, 'strength': None, 'period': 1, 'time_remaining_period': 0.0, 'period_type': 'REG', 'microtrend_60': {'home': {'goals': 0, 'shot_attempts': 4, 'entries_c_att': 0, 'entries_c_succ': 0, 'pressure_events': 5, 'turnovers': 5}, 'away': {'goals': 0, 'shot_attempts': 2, 'entries_c_att': 0, 'entries_c_succ': 0, 'pressure_events': 2, 'turnovers': 2}}}","{'home_score': 1, 'away_score': 0, 'score_diff': 1, 'home_skaters': None, 'away_skaters': None, 'strength': None, 'period': 2, 'time_remaining_period': 1161.766666666667, 'period_type': 'REG', 'microtrend_60': {'home': {'goals': 0, 'shot_attempts': 4, 'entries_c_att': 0, 'entries_c_succ': 0, 'pressure_events': 4, 'turnovers': 2}, 'away': {'goals': 0, 'shot_attempts': 3, 'entries_c_att': 0, 'entries_c_succ': 0, 'pressure_events': 0, 'turnovers': 2}}}","{'zone_time': {'oz': 0.0, 'nz': 4.833333333300061, 'dz': 33.399999999999864}, 'possession_time': 3.4666666666998935, 'entries': {'controlled_attempts': 0, 'controlled_success': 0, 'dump_attempts': 0}, 'exits': {'controlled_attempts': 0, 'controlled_success': 0, 'dump_attempts': 0}, 'shots': {'on': 0, 'missed': 0, 'blocked': 0, 'total': 2}, 'passes': 2, 'lpr_recoveries': 1, 'pressure_events': 2, 'turnovers': 1}","{'zone_time': {'oz': 33.399999999999864, 'nz': 4.833333333300061, 'dz': 0.0}, 'possession_time': 34.733333333299925, 'entries': {'controlled_attempts': 0, 'controlled_success': 0, 'dump_attempts': 2}, 'exits': {'controlled_attempts': 0, 'controlled_success': 0, 'dump_attempts': 0}, 'shots': {'on': 0, 'missed': 0, 'blocked': 1, 'total': 2}, 'passes': 10, 'lpr_recoveries': 1, 'pressure_events': 0, 'turnovers': 2}",2,4,0,0,1,12,0,2,0,0,2,2,3,,,5v5,nz,nz,28.0,8.0
17,16.0,1326,1550,224,200.0,2,2,1238.2333333333,1438.2333333333,38.233333333333,238.23333333333,"['oz', 'dz', 'nz']","{'home_score': 1, 'away_score': 0, 'score_diff': 1, 'home_skaters': None, 'away_skaters': None, 'strength': None, 'period': 2, 'time_remaining_period': 1161.766666666667, 'period_type': 'REG', 'microtrend_60': {'home': {'goals': 0, 'shot_attempts': 4, 'entries_c_att': 0, 'entries_c_succ': 0, 'pressure_events': 4, 'turnovers': 2}, 'away': {'goals': 0, 'shot_attempts': 3, 'entries_c_att': 0, 'entries_c_succ': 0, 'pressure_events': 0, 'turnovers': 2}}}","{'home_score': 1, 'away_score': 1, 'score_diff': 0, 'home_skaters': 5, 'away_skaters': 5, 'strength': '5v5', 'period': 2, 'time_remaining_period': 961.7666666666701, 'period_type': 'REG', 'microtrend_60': {'home': {'goals': 0, 'shot_attempts': 1, 'entries_c_att': 1, 'entries_c_succ': 0, 'pressure_events': 2, 'turnovers': 4}, 'away': {'goals': 0, 'shot_attempts': 1, 'entries_c_att': 1, 'entries_c_succ': 1, 'pressure_events': 3, 'turnovers': 3}}}","{'zone_time': {'oz': 110.23333333350001, 'nz': 28.63333333319929, 'dz': 61.1333333333007}, 'possession_time': 119.26666666660026, 'entries': {'controlled_attempts': 4, 'controlled_success': 2, 'dump_attempts': 5}, 'exits': {'controlled_attempts': 3, 'controlled_success': 3, 'dump_attempts': 0}, 'shots': {'on': 2, 'missed': 1, 'blocked': 0, 'total': 8}, 'passes': 25, 'lpr_recoveries': 7, 'pressure_events': 9, 'turnovers': 12}","{'zone_time': {'oz': 61.1333333333007, 'nz': 28.63333333319929, 'dz': 110.23333333350001}, 'possession_time': 78.10000000009973, 'entries': {'controlled_attempts': 3, 'controlled_success': 3, 'dump_attempts': 4}, 'exits': {'controlled_attempts': 1, 'controlled_success': 1, 'dump_attempts': 3}, 'shots': {'on': 1, 'missed': 1, 'blocked': 1, 'total': 6}, 'passes': 21, 'lpr_recoveries': 7, 'pressure_events': 10, 'turnovers': 10}",2,14,3,2,1,46,8,9,4,3,14,19,22,,dz,5v4,dz,oz,28.0,8.0
18,17.0,1550,1745,195,168.0666666666002,2,2,1441.4666666667,1609.5333333333,241.46666666667,409.53333333333,"['oz', 'dz', 'nz']","{'home_score': 1, 'away_score': 1, 'score_diff': 0, 'home_skaters': None, 'away_skaters': None, 'strength': None, 'period': 2, 'time_remaining_period': 958.53333333333, 'period_type': 'REG', 'microtrend_60': {'home': {'goals': 0, 'shot_attempts': 1, 'entries_c_att': 1, 'entries_c_succ': 0, 'pressure_events': 2, 'turnovers': 4}, 'away': {'goals': 0, 'shot_attempts': 1, 'entries_c_att': 1, 'entries_c_succ': 1, 'pressure_events': 3, 'turnovers': 3}}}","{'home_score': 1, 'away_score': 2, 'score_diff': -1, 'home_skaters': 5, 'away_skaters': 5, 'strength': '5v5', 'period': 2, 'time_remaining_period': 790.46666666667, 'period_type': 'REG', 'microtrend_60': {'home': {'goals': 0, 'shot_attempts': 3, 'entries_c_att': 0, 'entries_c_succ': 0, 'pressure_events': 3, 'turnovers': 1}, 'away': {'goals': 0, 'shot_attempts': 6, 'entries_c_att': 0, 'entries_c_succ': 0, 'pressure_events': 0, 'turnovers': 2}}}","{'zone_time': {'oz': 23.00000000009959, 'nz': 31.533333333399696, 'dz': 113.53333333310093}, 'possession_time': 58.033333333300334, 'entries': {'controlled_attempts': 1, 'controlled_success': 0, 'dump_attempts': 1}, 'exits': {'controlled_attempts': 0, 'controlled_success': 0, 'dump_attempts': 2}, 'shots': {'on': 2, 'missed': 0, 'blocked': 0, 'total': 11}, 'passes': 13, 'lpr_recoveries': 5, 'pressure_events': 12, 'turnovers': 4}","{'zone_time': {'oz': 113.53333333310093, 'nz': 31.533333333399696, 'dz': 23.00000000009959}, 'possession_time': 105.89999999999986, 'entries': {'controlled_attempts': 3, 'controlled_success': 1, 'dump_attempts': 8}, 'exits': {'controlled_attempts': 1, 'controlled_success': 1, 'dump_attempts': 1}, 'shots': {'on': 2, 'missed': 3, 'blocked': 2, 'total': 13}, 'passes': 28, 'lpr_recoveries': 7, 'pressure_events': 3, 'turnovers': 6}",2,24,4,3,2,41,4,9,1,3,12,15,10,,nz,5v5,dz,oz,28.0,8.0
19,18.0,1745,1752,7,16.700000000000045,2,2,1613.0666666667,1629.7666666667,413.06666666667,429.76666666667,"['dz', 'oz']","{'home_score': 1, 'away_score': 2, 'score_diff': -1, 'home_skaters': None, 'away_skaters': None, 'strength': None, 'period': 2, 'time_remaining_period': 786.93333333333, 'period_type': 'REG', 'microtrend_60': {'home': {'goals': 0, 'shot_attempts': 3, 'entries_c_att': 0, 'entries_c_succ': 0, 'pressure_events': 3, 'turnovers': 1}, 'away': {'goals': 0, 'shot_attempts': 6, 'entries_c_att': 0, 'entries_c_succ': 0, 'pressure_events': 0, 'turnovers': 2}}}","{'home_score': 1, 'away_score': 2, 'score_diff': -1, 'home_skaters': 5, 'away_skaters': 5, 'strength': '5v5', 'period': 2, 'time_remaining_period': 770.2333333333299, 'period_type': 'REG', 'microtrend_60': {'home': {'goals': 0, 'shot_attempts': 1, 'entries_c_att': 0, 'entries_c_succ': 0, 'pressure_events': 1, 'turnovers': 1}, 'away': {'goals': 0, 'shot_attempts': 2, 'entries_c_att': 0, 'entries_c_succ': 0, 'pressure_events': 0, 'turnovers': 3}}}","{'zone_time': {'oz': 15.36666666659994, 'nz': 0.0, 'dz': 1.3333333334001054}, 'possession_time': 0.0, 'entries': {'controlled_attempts': 0, 'controlled_success': 0, 'dump_attempts': 0}, 'exits': {'controlled_attempts': 0, 'controlled_success': 0, 'dump_attempts': 0}, 'shots': {'on': 0, 'missed': 0, 'blocked': 0, 'total': 0}, 'passes': 0, 'lpr_recoveries': 0, 'pressure_events': 0, 'turnovers': 0}","{'zone_time': {'oz': 1.3333333334001054, 'nz': 0.0, 'dz': 15.36666666659994}, 'possession_time': 1.4333333334000145, 'entries': {'controlled_attempts': 0, 'controlled_success': 0, 'dump_attempts': 0}, 'exits': {'controlled_attempts': 0, 'controlled_success': 0, 'dump_attempts': 1}, 'shots': {'on': 0, 'missed': 0, 'blocked': 0, 'total': 0}, 'passes': 1, 'lpr_recoveries': 1, 'pressure_events': 0, 'turnovers': 0}",1,0,0,0,0,1,0,0,0,1,1,0,0,,oz,5v5,oz,dz,28.0,8.0
20,19.0,1752,1849,97,96.5,2,2,1631.0333333333,1727.5333333333,431.03333333333,527.53333333333,"['oz', 'dz', 'nz']","{'home_score': 1, 'away_score': 2, 'score_diff': -1, 'home_skaters': None, 'away_skaters': None, 'strength': None, 'period': 2, 'time_remaining_period': 768.96666666667, 'period_type': 'REG', 'microtrend_60': {'home': {'goals': 0, 'shot_attempts': 1, 'entries_c_att': 0, 'entries_c_succ': 0, 'pressure_events': 1, 'turnovers': 1}, 'away': {'goals': 0, 'shot_attempts': 2, 'entries_c_att': 0, 'entries_c_succ': 0, 'pressure_events': 0, 'turnovers': 3}}}","{'home_score': 1, 'away_score': 2, 'score_diff': -1, 'home_skaters': 5, 'away_skaters': 5, 'strength': '5v5', 'period': 2, 'time_remaining_period': 672.46666666667, 'period_type': 'REG', 'microtrend_60': {'home': {'goals': 0, 'shot_attempts': 4, 'entries_c_att': 2, 'entries_c_succ': 2, 'pressure_events': 1, 'turnovers': 0}, 'away': {'goals': 0, 'shot_attempts': 3, 'entries_c_att': 0, 'entries_c_succ': 0, 'pressure_events': 3, 'turnovers': 0}}}","{'zone_time': {'oz': 54.33333333330029, 'nz': 17.933333333299743, 'dz': 24.23333333339997}, 'possession_time': 58.53333333339992, 'entries': {'controlled_attempts': 2, 'controlled_success': 2, 'dump_attempts': 3}, 'exits': {'controlled_attempts': 0, 'controlled_success': 0, 'dump_attempts': 0}, 'shots': {'on': 1, 'missed': 2, 'blocked': 0, 'total': 6}, 'passes': 13, 'lpr_recoveries': 3, 'pressure_events': 2, 'turnovers': 3}","{'zone_time': {'oz': 24.23333333339997, 'nz': 17.933333333299743, 'dz': 54.33333333330029}, 'possession_time': 36.73333333320011, 'entries': {'controlled_attempts': 0, 'controlled_success': 0, 'dump_attempts': 1}, 'exits': {'controlled_attempts': 1, 'controlled_success': 1, 'dump_attempts': 3}, 'shots': {'on': 0, 'missed': 1, 'blocked': 0, 'total': 5}, 'passes': 7, 'lpr_recoveries': 5, 'pressure_events': 4, 'turnovers': 2}",2,11,1,3,0,20,2,4,1,3,8,6,5,,oz,5v5,dz,oz,28.0,8.0
21,20.0,1849,1888,39,33.93333333329997,2,2,1731.0666666667,1765.0,531.06666666667,565.0,"['oz', 'dz', 'nz']","{'home_score': 1, 'away_score': 2, 'score_diff': -1, 'home_skaters': None, 'away_skaters': None, 'strength': None, 'period': 2, 'time_remaining_period': 668.93333333333, 'period_type': 'REG', 'microtrend_60': {'home': {'goals': 0, 'shot_attempts': 4, 'entries_c_att': 2, 'entries_c_succ': 2, 'pressure_events': 1, 'turnovers': 0}, 'away': {'goals': 0, 'shot_attempts': 3, 'entries_c_att': 0, 'entries_c_succ': 0, 'pressure_events': 3, 'turnovers': 0}}}","{'home_score': 1, 'away_score': 2, 'score_diff': -1, 'home_skaters': 5, 'away_skaters': 5, 'strength': '5v5', 'period': 2, 'time_remaining_period': 635.0, 'period_type': 'REG', 'microtrend_60': {'home': {'goals': 0, 'shot_attempts': 3, 'entries_c_att': 1, 'entries_c_succ': 1, 'pressure_events': 2, 'turnovers': 3}, 'away': {'goals': 0, 'shot_attempts': 2, 'entries_c_att': 0, 'entries_c_succ': 0, 'pressure_events': 0, 'turnovers': 3}}}","{'zone_time': {'oz': 2.333333333300061, 'nz': 11.733333333300152, 'dz': 19.866666666699757}, 'possession_time': 20.73333333339974, 'entries': {'controlled_attempts': 0, 'controlled_success': 0, 'dump_attempts': 0}, 'exits': {'controlled_attempts': 0, 'controlled_success': 0, 'dump_attempts': 0}, 'shots': {'on': 0, 'missed': 0, 'blocked': 0, 'total': 2}, 'passes': 6, 'lpr_recoveries': 1, 'pressure_events': 1, 'turnovers': 3}","{'zone_time': {'oz': 19.866666666699757, 'nz': 11.733333333300152, 'dz': 2.333333333300061}, 'possession_time': 12.933333333300197, 'entries': {'controlled_attempts': 0, 'controlled_success': 0, 'dump_attempts': 0}, 'exits': {'controlled_attempts': 0, 'controlled_success': 0, 'dump_attempts': 0}, 'shots': {'on': 1, 'missed': 0, 'blocked': 0, 'total': 1}, 'passes': 4, 'lpr_recoveries': 2, 'pressure_events': 0, 'turnovers': 2}",2,3,1,0,0,10,0,0,0,0,3,1,5,,oz,5v5,dz,oz,28.0,8.0
22,21.0,1888,1957,69,69.19999999999982,2,2,1767.0333333333,1836.2333333333,567.03333333333,636.23333333333,"['oz', 'dz', 'nz']","{'home_score': 1, 'away_score': 2, 'score_diff': -1, 'home_skaters': None, 'away_skaters': None, 'strength': None, 'period': 2, 'time_remaining_period': 632.96666666667, 'period_type': 'REG', 'microtrend_60': {'home': {'goals': 0, 'shot_attempts': 3, 'entries_c_att': 1, 'entries_c_succ': 1, 'pressure_events': 2, 'turnovers': 3}, 'away': {'goals': 0, 'shot_attempts': 2, 'entries_c_att': 0, 'entries_c_succ': 0, 'pressure_events': 0, 'turnovers': 3}}}","{'home_score': 1, 'away_score': 2, 'score_diff': -1, 'home_skaters': 5, 'away_skaters': 5, 'strength': '5v5', 'period': 2, 'time_remaining_period': 563.76666666667, 'period_type': 'REG', 'microtrend_60': {'home': {'goals': 0, 'shot_attempts': 1, 'entries_c_att': 0, 'entries_c_succ': 0, 'pressure_events': 1, 'turnovers': 2}, 'away': {'goals': 0, 'shot_attempts': 1, 'entries_c_att': 0, 'entries_c_succ': 0, 'pressure_events': 3, 'turnovers': 1}}}","{'zone_time': {'oz': 42.133333333300016, 'nz': 7.5, 'dz': 19.566666666699803}, 'possession_time': 30.633333333300243, 'entries': {'controlled_attempts': 0, 'controlled_success': 0, 'dump_attempts': 2}, 'exits': {'controlled_attempts': 0, 'controlled_success': 0, 'dump_attempts': 0}, 'shots': {'on': 0, 'missed': 0, 'blocked': 1, 'total': 3}, 'passes': 7, 'lpr_recoveries': 1, 'pressure_events': 1, 'turnovers': 2}","{'zone_time': {'oz': 19.566666666699803, 'nz': 7.5, 'dz': 42.133333333300016}, 'possession_time': 38.333333333299606, 'entries': {'controlled_attempts': 0, 'controlled_success': 0, 'dump_attempts': 2}, 'exits': {'controlled_attempts': 1, 'controlled_success': 1, 'dump_attempts': 0}, 'shots': {'on': 0, 'missed': 0, 'blocked': 0, 'total': 2}, 'passes': 9, 'lpr_recoveries': 0, 'pressure_events': 5, 'turnovers': 1}",2,5,0,0,1,16,0,4,1,0,1,6,3,,oz,5v5,oz,dz,28.0,8.0
23,22.0,1957,2085,128,156.36666666659994,2,2,1839.3666666667,1995.7333333333,639.36666666667,795.73333333333,"['oz', 'dz', 'nz']","{'home_score': 1, 'away_score': 2, 'score_diff': -1, 'home_skaters': None, 'away_skaters': None, 'strength': None, 'period': 2, 'time_remaining_period': 560.63333333333, 'period_type': 'REG', 'microtrend_60': {'home': {'goals': 0, 'shot_attempts': 1, 'entries_c_att': 0, 'entries_c_succ': 0, 'pressure_events': 1, 'turnovers': 2}, 'away': {'goals': 0, 'shot_attempts': 1, 'entries_c_att': 0, 'entries_c_succ': 0, 'pressure_events': 3, 'turnovers': 1}}}","{'home_score': 1, 'away_score': 2, 'score_diff': -1, 'home_skaters': 5, 'away_skaters': 5, 'strength': '5v5', 'period': 2, 'time_remaining_period': 404.26666666666995, 'period_type': 'REG', 'microtrend_60': {'home': {'goals': 0, 'shot_attempts': 2, 'entries_c_att': 0, 'entries_c_succ': 0, 'pressure_events': 0, 'turnovers': 2}, 'away': {'goals': 0, 'shot_attempts': 2, 'entries_c_att': 0, 'entries_c_succ': 0, 'pressure_events': 2, 'turnovers': 3}}}","{'zone_time': {'oz': 37.33333333330029, 'nz': 17.29999999989991, 'dz': 101.73333333339974}, 'possession_time': 46.33333333319979, 'entries': {'controlled_attempts': 0, 'controlled_success': 0, 'dump_attempts': 3}, 'exits': {'controlled_attempts': 0, 'controlled_success': 0, 'dump_attempts': 2}, 'shots': {'on': 1, 'missed': 0, 'blocked': 0, 'total': 3}, 'passes': 6, 'lpr_recoveries': 9, 'pressure_events': 4, 'turnovers': 4}","{'zone_time': {'oz': 101.73333333339974, 'nz': 17.29999999989991, 'dz': 37.33333333330029}, 'possession_time': 107.56666666680007, 'entries': {'controlled_attempts': 1, 'controlled_success': 1, 'dump_attempts': 5}, 'exits': {'controlled_attempts': 1, 'controlled_success': 1, 'dump_attempts': 0}, 'shots': {'on': 1, 'missed': 1, 'blocked': 0, 'total': 4}, 'passes': 20, 'lpr_recoveries': 9, 'pressure_events': 3, 'turnovers': 6}",2,7,2,1,0,26,1,8,1,2,18,7,10,,oz,5v5,dz,oz,28.0,8.0
24,23.0,2085,2170,85,67.36666666669998,2,2,1998.0333333333,2065.4,798.03333333333,865.4,"['oz', 'dz', 'nz']","{'home_score': 1, 'away_score': 2, 'score_diff': -1, 'home_skaters': None, 'away_skaters': None, 'strength': None, 'period': 2, 'time_remaining_period': 401.96666666667, 'period_type': 'REG', 'microtrend_60': {'home': {'goals': 0, 'shot_attempts': 2, 'entries_c_att': 0, 'entries_c_succ': 0, 'pressure_events': 0, 'turnovers': 2}, 'away': {'goals': 0, 'shot_attempts': 2, 'entries_c_att': 0, 'entries_c_succ': 0, 'pressure_events': 2, 'turnovers': 3}}}","{'home_score': 1, 'away_score': 2, 'score_diff': -1, 'home_skaters': 5, 'away_skaters': 5, 'strength': '5v5', 'period': 2, 'time_remaining_period': 334.6, 'period_type': 'REG', 'microtrend_60': {'home': {'goals': 0, 'shot_attempts': 5, 'entries_c_att': 1, 'entries_c_succ': 0, 'pressure_events': 3, 'turnovers': 3}, 'away': {'goals': 0, 'shot_attempts': 5, 'entries_c_att': 1, 'entries_c_succ': 1, 'pressure_events': 4, 'turnovers': 3}}}","{'zone_time': {'oz': 32.633333333300016, 'nz': 15.500000000100044, 'dz': 19.233333333299925}, 'possession_time': 37.86666666659994, 'entries': {'controlled_attempts': 1, 'controlled_success': 0, 'dump_attempts': 3}, 'exits': {'controlled_attempts': 2, 'controlled_success': 2, 'dump_attempts': 0}, 'shots': {'on': 0, 'missed': 0, 'blocked': 3, 'total': 6}, 'passes': 13, 'lpr_recoveries': 2, 'pressure_events': 3, 'turnovers': 3}","{'zone_time': {'oz': 19.233333333299925, 'nz': 15.500000000100044, 'dz': 32.633333333300016}, 'possession_time': 29.000000000100044, 'entries': {'controlled_attempts': 1, 'controlled_success': 1, 'dump_attempts': 1}, 'exits': {'controlled_attempts': 0, 'controlled_success': 0, 'dump_attempts': 1}, 'shots': {'on': 0, 'missed': 0, 'blocked': 1, 'total': 7}, 'passes': 6, 'lpr_recoveries': 3, 'pressure_events': 7, 'turnovers': 3}",2,13,0,0,4,19,2,4,2,1,5,10,6,,nz,5v5,oz,dz,28.0,8.0
25,24.0,2170,2305,135,107.0,2,2,2067.0333333333,2174.0333333333,867.03333333333,974.03333333333,"['nz', 'dz', 'oz']","{'home_score': 1, 'away_score': 2, 'score_diff': -1, 'home_skaters': None, 'away_skaters': None, 'strength': None, 'period': 2, 'time_remaining_period': 332.96666666667, 'period_type': 'REG', 'microtrend_60': {'home': {'goals': 0, 'shot_attempts': 5, 'entries_c_att': 1, 'entries_c_succ': 0, 'pressure_events': 3, 'turnovers': 3}, 'away': {'goals': 0, 'shot_attempts': 5, 'entries_c_att': 1, 'entries_c_succ': 1, 'pressure_events': 4, 'turnovers': 3}}}","{'home_score': 2, 'away_score': 2, 'score_diff': 0, 'home_skaters': None, 'away_skaters': None, 'strength': None, 'period': 2, 'time_remaining_period': 225.96666666667, 'period_type': 'REG', 'microtrend_60': {'home': {'goals': 0, 'shot_attempts': 0, 'entries_c_att': 2, 'entries_c_succ': 2, 'pressure_events': 1, 'turnovers': 3}, 'away': {'goals': 0, 'shot_attempts': 0, 'entries_c_att': 2, 'entries_c_succ': 0, 'pressure_events': 3, 'turnovers': 3}}}","{'zone_time': {'oz': 33.03333333319961, 'nz': 31.833333333401242, 'dz': 42.13333333339915}, 'possession_time': 60.03333333330011, 'entries': {'controlled_attempts': 3, 'controlled_success': 2, 'dump_attempts': 2}, 'exits': {'controlled_attempts': 1, 'controlled_success': 1, 'dump_attempts': 2}, 'shots': {'on': 1, 'missed': 0, 'blocked': 1, 'total': 2}, 'passes': 14, 'lpr_recoveries': 7, 'pressure_events': 1, 'turnovers': 3}","{'zone_time': {'oz': 42.13333333339915, 'nz': 31.833333333401242, 'dz': 33.03333333319961}, 'possession_time': 42.33333333330029, 'entries': {'controlled_attempts': 2, 'controlled_success': 0, 'dump_attempts': 4}, 'exits': {'controlled_attempts': 1, 'controlled_success': 1, 'dump_attempts': 1}, 'shots': {'on': 0, 'missed': 0, 'blocked': 0, 'total': 3}, 'passes': 13, 'lpr_recoveries': 3, 'pressure_events': 6, 'turnovers': 4}",2,5,1,0,1,27,5,6,2,3,10,7,7,,,5v5,nz,nz,28.0,8.0
26,25.0,2305,2474,169,188.83333333339988,2,2,2174.0333333333,2362.8666666667,974.03333333333,1162.8666666667,"['oz', 'dz', 'nz']","{'home_score': 2, 'away_score': 2, 'score_diff': 0, 'home_skaters': None, 'away_skaters': None, 'strength': None, 'period': 2, 'time_remaining_period': 225.96666666667, 'period_type': 'REG', 'microtrend_60': {'home': {'goals': 0, 'shot_attempts': 0, 'entries_c_att': 2, 'entries_c_succ': 2, 'pressure_events': 1, 'turnovers': 3}, 'away': {'goals': 0, 'shot_attempts': 0, 'entries_c_att': 2, 'entries_c_succ': 0, 'pressure_events': 3, 'turnovers': 3}}}","{'home_score': 2, 'away_score': 2, 'score_diff': 0, 'home_skaters': None, 'away_skaters': None, 'strength': None, 'period': 2, 'time_remaining_period': 37.133333333300016, 'period_type': 'REG', 'microtrend_60': {'home': {'goals': 0, 'shot_attempts': 1, 'entries_c_att': 1, 'entries_c_succ': 1, 'pressure_events': 2, 'turnovers': 1}, 'away': {'goals': 0, 'shot_attempts': 2, 'entries_c_att': 0, 'entries_c_succ': 0, 'pressure_events': 1, 'turnovers': 1}}}","{'zone_time': {'oz': 90.43333333339979, 'nz': 21.60000000000082, 'dz': 74.29999999999927}, 'possession_time': 121.63333333319997, 'entries': {'controlled_attempts': 4, 'controlled_success': 3, 'dump_attempts': 7}, 'exits': {'controlled_attempts': 3, 'controlled_success': 3, 'dump_attempts': 0}, 'shots': {'on': 0, 'missed': 1, 'blocked': 0, 'total': 2}, 'passes': 32, 'lpr_recoveries': 7, 'pressure_events': 2, 'turnovers': 8}","{'zone_time': {'oz': 74.29999999999927, 'nz': 21.60000000000082, 'dz': 90.43333333339979}, 'possession_time': 64.06666666679985, 'entries': {'controlled_attempts': 0, 'controlled_success': 0, 'dump_attempts': 4}, 'exits': {'controlled_attempts': 0, 'controlled_success': 0, 'dump_attempts': 3}, 'shots': {'on': 0, 'missed': 1, 'blocked': 0, 'total': 3}, 'passes': 10, 'lpr_recoveries': 7, 'pressure_events': 5, 'turnovers': 4}",2,5,0,2,0,42,4,11,3,3,14,7,12,,,4v5,oz,dz,28.0,8.0
27,26.0,2474,2512,38,36.4333333333002,2,2,2362.8666666667,2399.3,1162.8666666667,1199.3,"['dz', 'oz', 'nz']","{'home_score': 2, 'away_score': 2, 'score_diff': 0, 'home_skaters': None, 'away_skaters': None, 'strength': None, 'period': 2, 'time_remaining_period': 37.133333333300016, 'period_type': 'REG', 'microtrend_60': {'home': {'goals': 0, 'shot_attempts': 1, 'entries_c_att': 1, 'entries_c_succ': 1, 'pressure_events': 2, 'turnovers': 1}, 'away': {'goals': 0, 'shot_attempts': 2, 'entries_c_att': 0, 'entries_c_succ': 0, 'pressure_events': 1, 'turnovers': 1}}}","{'home_score': 2, 'away_score': 2, 'score_diff': 0, 'home_skaters': 4, 'away_skaters': 5, 'strength': '4v5', 'period': 2, 'time_remaining_period': 0.7000000000000455, 'period_type': 'REG', 'microtrend_60': {'home': {'goals': 0, 'shot_attempts': 3, 'entries_c_att': 1, 'entries_c_succ': 1, 'pressure_events': 2, 'turnovers': 1}, 'away': {'goals': 0, 'shot_attempts': 2, 'entries_c_att': 1, 'entries_c_succ': 0, 'pressure_events': 2, 'turnovers': 0}}}","{'zone_time': {'oz': 13.900000000000091, 'nz': 1.199999999999818, 'dz': 21.33333333330029}, 'possession_time': 12.46666666659985, 'entries': {'controlled_attempts': 0, 'controlled_success': 0, 'dump_attempts': 0}, 'exits': {'controlled_attempts': 0, 'controlled_success': 0, 'dump_attempts': 1}, 'shots': {'on': 1, 'missed': 0, 'blocked': 0, 'total': 3}, 'passes': 2, 'lpr_recoveries': 1, 'pressure_events': 2, 'turnovers': 0}","{'zone_time': {'oz': 21.33333333330029, 'nz': 1.199999999999818, 'dz': 13.900000000000091}, 'possession_time': 23.066666666700257, 'entries': {'controlled_attempts': 1, 'controlled_success': 0, 'dump_attempts': 0}, 'exits': {'controlled_attempts': 1, 'controlled_success': 1, 'dump_attempts': 0}, 'shots': {'on': 0, 'missed': 0, 'blocked': 1, 'total': 2}, 'passes': 4, 'lpr_recoveries': 2, 'pressure_events': 1, 'turnovers': 0}",2,5,1,0,1,6,1,0,1,1,3,3,0,,dz,5v4,dz,oz,28.0,8.0
28,27.0,2512,2776,264,271.5333333333001,2,3,2399.9666666667,2671.5,1199.9666666667,271.5,"['nz', 'dz', 'oz']","{'home_score': 2, 'away_score': 2, 'score_diff': 0, 'home_skaters': None, 'away_skaters': None, 'strength': None, 'period': 2, 'time_remaining_period': 0.03333333330010646, 'period_type': 'REG', 'microtrend_60': {'home': {'goals': 0, 'shot_attempts': 3, 'entries_c_att': 1, 'entries_c_succ': 1, 'pressure_events': 2, 'turnovers': 1}, 'away': {'goals': 0, 'shot_attempts': 2, 'entries_c_att': 1, 'entries_c_succ': 0, 'pressure_events': 2, 'turnovers': 0}}}","{'home_score': 2, 'away_score': 3, 'score_diff': -1, 'home_skaters': 5, 'away_skaters': 5, 'strength': '5v5', 'period': 3, 'time_remaining_period': 928.5, 'period_type': 'REG', 'microtrend_60': {'home': {'goals': 0, 'shot_attempts': 3, 'entries_c_att': 1, 'entries_c_succ': 1, 'pressure_events': 3, 'turnovers': 2}, 'away': {'goals': 0, 'shot_attempts': 4, 'entries_c_att': 0, 'entries_c_succ': 0, 'pressure_events': 3, 'turnovers': 3}}}","{'zone_time': {'oz': 90.80000000010023, 'nz': 49.53333333329965, 'dz': 131.16666666660012}, 'possession_time': 108.00000000010095, 'entries': {'controlled_attempts': 3, 'controlled_success': 3, 'dump_attempts': 5}, 'exits': {'controlled_attempts': 2, 'controlled_success': 2, 'dump_attempts': 2}, 'shots': {'on': 0, 'missed': 1, 'blocked': 1, 'total': 5}, 'passes': 20, 'lpr_recoveries': 8, 'pressure_events': 6, 'turnovers': 10}","{'zone_time': {'oz': 131.16666666660012, 'nz': 49.53333333329965, 'dz': 90.80000000010023}, 'possession_time': 159.36666666659949, 'entries': {'controlled_attempts': 5, 'controlled_success': 2, 'dump_attempts': 7}, 'exits': {'controlled_attempts': 6, 'controlled_success': 6, 'dump_attempts': 1}, 'shots': {'on': 2, 'missed': 0, 'blocked': 0, 'total': 5}, 'passes': 41, 'lpr_recoveries': 10, 'pressure_events': 6, 'turnovers': 5}",2,10,2,1,1,61,8,12,8,3,18,12,15,,oz,5v4,nz,nz,28.0,8.0
29,28.0,2776,2800,24,33.09999999999991,3,3,2673.2333333333,2706.3333333333,273.23333333333,306.33333333333,"['oz', 'dz']","{'home_score': 2, 'away_score': 3, 'score_diff': -1, 'home_skaters': None, 'away_skaters': None, 'strength': None, 'period': 3, 'time_remaining_period': 926.7666666666701, 'period_type': 'REG', 'microtrend_60': {'home': {'goals': 0, 'shot_attempts': 3, 'entries_c_att': 1, 'entries_c_succ': 1, 'pressure_events': 3, 'turnovers': 2}, 'away': {'goals': 0, 'shot_attempts': 4, 'entries_c_att': 0, 'entries_c_succ': 0, 'pressure_events': 3, 'turnovers': 3}}}","{'home_score': 2, 'away_score': 3, 'score_diff': -1, 'home_skaters': 5, 'away_skaters': 5, 'strength': '5v5', 'period': 3, 'time_remaining_period': 893.6666666666699, 'period_type': 'REG', 'microtrend_60': {'home': {'goals': 0, 'shot_attempts': 2, 'entries_c_att': 0, 'entries_c_succ': 0, 'pressure_events': 3, 'turnovers': 1}, 'away': {'goals': 0, 'shot_attempts': 2, 'entries_c_att': 0, 'entries_c_succ': 0, 'pressure_events': 0, 'turnovers': 2}}}","{'zone_time': {'oz': 0.0, 'nz': 0.0, 'dz': 33.09999999999991}, 'possession_time': 3.36666666659994, 'entries': {'controlled_attempts': 0, 'controlled_success': 0, 'dump_attempts': 0}, 'exits': {'controlled_attempts': 0, 'controlled_success': 0, 'dump_attempts': 0}, 'shots': {'on': 0, 'missed': 0, 'blocked': 0, 'total': 1}, 'passes': 1, 'lpr_recoveries': 1, 'pressure_events': 1, 'turnovers': 1}","{'zone_time': {'oz': 33.09999999999991, 'nz': 0.0, 'dz': 0.0}, 'possession_time': 28.066666666699803, 'entries': {'controlled_attempts': 0, 'controlled_success': 0, 'dump_attempts': 2}, 'exits': {'controlled_attempts': 0, 'controlled_success': 0, 'dump_attempts': 0}, 'shots': {'on': 0, 'missed': 0, 'blocked': 0, 'total': 0}, 'passes': 4, 'lpr_recoveries': 0, 'pressure_events': 0, 'turnovers': 1}",2,1,0,0,0,5,0,2,0,0,1,1,2,,oz,5v5,dz,oz,28.0,8.0
30,29.0,2800,2866,66,60.83333333339988,3,3,2709.0333333333,2769.8666666667,309.03333333333,369.86666666667,"['dz', 'oz', 'nz']","{'home_score': 2, 'away_score': 3, 'score_diff': -1, 'home_skaters': None, 'away_skaters': None, 'strength': None, 'period': 3, 'time_remaining_period': 890.96666666667, 'period_type': 'REG', 'microtrend_60': {'home': {'goals': 0, 'shot_attempts': 2, 'entries_c_att': 0, 'entries_c_succ': 0, 'pressure_events': 3, 'turnovers': 1}, 'away': {'goals': 0, 'shot_attempts': 2, 'entries_c_att': 0, 'entries_c_succ': 0, 'pressure_events': 0, 'turnovers': 2}}}","{'home_score': 2, 'away_score': 3, 'score_diff': -1, 'home_skaters': 5, 'away_skaters': 5, 'strength': '5v5', 'period': 3, 'time_remaining_period': 830.13333333333, 'period_type': 'REG', 'microtrend_60': {'home': {'goals': 0, 'shot_attempts': 1, 'entries_c_att': 2, 'entries_c_succ': 1, 'pressure_events': 0, 'turnovers': 3}, 'away': {'goals': 0, 'shot_attempts': 1, 'entries_c_att': 0, 'entries_c_succ': 0, 'pressure_events': 2, 'turnovers': 2}}}","{'zone_time': {'oz': 39.833333333299834, 'nz': 7.800000000099772, 'dz': 13.200000000000273}, 'possession_time': 40.600000000000364, 'entries': {'controlled_attempts': 2, 'controlled_success': 1, 'dump_attempts': 2}, 'exits': {'controlled_attempts': 1, 'controlled_success': 1, 'dump_attempts': 1}, 'shots': {'on': 0, 'missed': 1, 'blocked': 0, 'total': 1}, 'passes': 11, 'lpr_recoveries': 3, 'pressure_events': 0, 'turnovers': 3}","{'zone_time': {'oz': 13.200000000000273, 'nz': 7.800000000099772, 'dz': 39.833333333299834}, 'possession_time': 20.199999999999818, 'entries': {'controlled_attempts': 0, 'controlled_success': 0, 'dump_attempts': 1}, 'exits': {'controlled_attempts': 1, 'controlled_success': 1, 'dump_attempts': 1}, 'shots': {'on': 0, 'missed': 0, 'blocked': 0, 'total': 1}, 'passes': 3, 'lpr_recoveries': 3, 'pressure_events': 2, 'turnovers': 1}",2,2,0,1,0,14,2,3,2,2,6,2,4,,nz,5v5,dz,oz,28.0,8.0
31,30.0,2866,2963,97,93.23333333339997,3,3,2772.0333333333,2865.2666666667,372.03333333333,465.26666666667,"['oz', 'dz', 'nz']","{'home_score': 2, 'away_score': 3, 'score_diff': -1, 'home_skaters': None, 'away_skaters': None, 'strength': None, 'period': 3, 'time_remaining_period': 827.96666666667, 'period_type': 'REG', 'microtrend_60': {'home': {'goals': 0, 'shot_attempts': 1, 'entries_c_att': 2, 'entries_c_succ': 1, 'pressure_events': 0, 'turnovers': 3}, 'away': {'goals': 0, 'shot_attempts': 1, 'entries_c_att': 0, 'entries_c_succ': 0, 'pressure_events': 2, 'turnovers': 2}}}","{'home_score': 2, 'away_score': 3, 'score_diff': -1, 'home_skaters': 5, 'away_skaters': 5, 'strength': '5v5', 'period': 3, 'time_remaining_period': 734.7333333333299, 'period_type': 'REG', 'microtrend_60': {'home': {'goals': 0, 'shot_attempts': 2, 'entries_c_att': 1, 'entries_c_succ': 0, 'pressure_events': 1, 'turnovers': 3}, 'away': {'goals': 0, 'shot_attempts': 2, 'entries_c_att': 0, 'entries_c_succ': 0, 'pressure_events': 2, 'turnovers': 2}}}","{'zone_time': {'oz': 33.53333333340015, 'nz': 9.066666666699803, 'dz': 50.633333333300016}, 'possession_time': 37.93333333320015, 'entries': {'controlled_attempts': 1, 'controlled_success': 0, 'dump_attempts': 4}, 'exits': {'controlled_attempts': 0, 'controlled_success': 0, 'dump_attempts': 2}, 'shots': {'on': 0, 'missed': 0, 'blocked': 2, 'total': 5}, 'passes': 7, 'lpr_recoveries': 5, 'pressure_events': 3, 'turnovers': 3}","{'zone_time': {'oz': 50.633333333300016, 'nz': 9.066666666699803, 'dz': 33.53333333340015}, 'possession_time': 55.26666666680012, 'entries': {'controlled_attempts': 0, 'controlled_success': 0, 'dump_attempts': 5}, 'exits': {'controlled_attempts': 0, 'controlled_success': 0, 'dump_attempts': 1}, 'shots': {'on': 1, 'missed': 0, 'blocked': 1, 'total': 7}, 'passes': 15, 'lpr_recoveries': 3, 'pressure_events': 6, 'turnovers': 4}",2,12,1,0,3,22,1,9,0,3,8,9,7,,oz,5v5,oz,dz,28.0,8.0
32,31.0,2963,3095,132,135.8333333333003,3,3,2867.2,3003.0333333333,467.2,603.03333333333,"['dz', 'oz', 'nz']","{'home_score': 2, 'away_score': 3, 'score_diff': -1, 'home_skaters': None, 'away_skaters': None, 'strength': None, 'period': 3, 'time_remaining_period': 732.8, 'period_type': 'REG', 'microtrend_60': {'home': {'goals': 0, 'shot_attempts': 2, 'entries_c_att': 1, 'entries_c_succ': 0, 'pressure_events': 1, 'turnovers': 3}, 'away': {'goals': 0, 'shot_attempts': 2, 'entries_c_att': 0, 'entries_c_succ': 0, 'pressure_events': 2, 'turnovers': 2}}}","{'home_score': 2, 'away_score': 3, 'score_diff': -1, 'home_skaters': None, 'away_skaters': None, 'strength': None, 'period': 3, 'time_remaining_period': 596.96666666667, 'period_type': 'REG', 'microtrend_60': {'home': {'goals': 0, 'shot_attempts': 0, 'entries_c_att': 1, 'entries_c_succ': 0, 'pressure_events': 0, 'turnovers': 2}, 'away': {'goals': 0, 'shot_attempts': 0, 'entries_c_att': 1, 'entries_c_succ': 1, 'pressure_events': 3, 'turnovers': 1}}}","{'zone_time': {'oz': 99.10000000000036, 'nz': 6.899999999899592, 'dz': 29.833333333400333}, 'possession_time': 97.73333333330038, 'entries': {'controlled_attempts': 1, 'controlled_success': 0, 'dump_attempts': 8}, 'exits': {'controlled_attempts': 0, 'controlled_success': 0, 'dump_attempts': 1}, 'shots': {'on': 2, 'missed': 0, 'blocked': 3, 'total': 7}, 'passes': 28, 'lpr_recoveries': 7, 'pressure_events': 0, 'turnovers': 4}","{'zone_time': {'oz': 29.833333333400333, 'nz': 6.899999999899592, 'dz': 99.10000000000036}, 'possession_time': 36.29999999999973, 'entries': {'controlled_attempts': 1, 'controlled_success': 1, 'dump_attempts': 2}, 'exits': {'controlled_attempts': 0, 'controlled_success': 0, 'dump_attempts': 3}, 'shots': {'on': 0, 'missed': 0, 'blocked': 0, 'total': 8}, 'passes': 4, 'lpr_recoveries': 3, 'pressure_events': 11, 'turnovers': 1}",2,15,2,0,3,32,2,10,0,4,10,11,5,,,5v5,oz,dz,28.0,8.0
33,32.0,3095,3235,140,136.5666666666998,3,3,3003.0333333333,3139.6,603.03333333333,739.6,"['dz', 'oz', 'nz']","{'home_score': 2, 'away_score': 3, 'score_diff': -1, 'home_skaters': None, 'away_skaters': None, 'strength': None, 'period': 3, 'time_remaining_period': 596.96666666667, 'period_type': 'REG', 'microtrend_60': {'home': {'goals': 0, 'shot_attempts': 0, 'entries_c_att': 1, 'entries_c_succ': 0, 'pressure_events': 0, 'turnovers': 2}, 'away': {'goals': 0, 'shot_attempts': 0, 'entries_c_att': 1, 'entries_c_succ': 1, 'pressure_events': 3, 'turnovers': 1}}}","{'home_score': 3, 'away_score': 3, 'score_diff': 0, 'home_skaters': 5, 'away_skaters': 5, 'strength': '5v5', 'period': 3, 'time_remaining_period': 460.4, 'period_type': 'REG', 'microtrend_60': {'home': {'goals': 0, 'shot_attempts': 6, 'entries_c_att': 0, 'entries_c_succ': 0, 'pressure_events': 7, 'turnovers': 3}, 'away': {'goals': 0, 'shot_attempts': 4, 'entries_c_att': 2, 'entries_c_succ': 1, 'pressure_events': 1, 'turnovers': 2}}}","{'zone_time': {'oz': 36.10000000010041, 'nz': 16.666666666699257, 'dz': 83.79999999990014}, 'possession_time': 57.56666666660067, 'entries': {'controlled_attempts': 1, 'controlled_success': 0, 'dump_attempts': 3}, 'exits': {'controlled_attempts': 1, 'controlled_success': 1, 'dump_attempts': 3}, 'shots': {'on': 1, 'missed': 0, 'blocked': 0, 'total': 8}, 'passes': 10, 'lpr_recoveries': 6, 'pressure_events': 8, 'turnovers': 4}","{'zone_time': {'oz': 83.79999999990014, 'nz': 16.666666666699257, 'dz': 36.10000000010041}, 'possession_time': 71.29999999999927, 'entries': {'controlled_attempts': 4, 'controlled_success': 2, 'dump_attempts': 5}, 'exits': {'controlled_attempts': 2, 'controlled_success': 2, 'dump_attempts': 1}, 'shots': {'on': 1, 'missed': 1, 'blocked': 2, 'total': 5}, 'passes': 17, 'lpr_recoveries': 5, 'pressure_events': 3, 'turnovers': 4}",2,13,2,1,2,27,6,8,3,4,11,11,8,,oz,4v5,oz,dz,28.0,8.0
34,33.0,3235,3350,115,94.43333333339979,3,3,3142.0333333333,3236.4666666667,742.03333333333,836.46666666667,"['oz', 'dz', 'nz']","{'home_score': 3, 'away_score': 3, 'score_diff': 0, 'home_skaters': None, 'away_skaters': None, 'strength': None, 'period': 3, 'time_remaining_period': 457.96666666667, 'period_type': 'REG', 'microtrend_60': {'home': {'goals': 0, 'shot_attempts': 6, 'entries_c_att': 0, 'entries_c_succ': 0, 'pressure_events': 7, 'turnovers': 3}, 'away': {'goals': 0, 'shot_attempts': 4, 'entries_c_att': 2, 'entries_c_succ': 1, 'pressure_events': 1, 'turnovers': 2}}}","{'home_score': 3, 'away_score': 3, 'score_diff': 0, 'home_skaters': 5, 'away_skaters': 5, 'strength': '5v5', 'period': 3, 'time_remaining_period': 363.53333333333, 'period_type': 'REG', 'microtrend_60': {'home': {'goals': 0, 'shot_attempts': 2, 'entries_c_att': 2, 'entries_c_succ': 1, 'pressure_events': 1, 'turnovers': 2}, 'away': {'goals': 0, 'shot_attempts': 3, 'entries_c_att': 1, 'entries_c_succ': 0, 'pressure_events': 5, 'turnovers': 2}}}","{'zone_time': {'oz': 36.6000000000995, 'nz': 12.36666666670044, 'dz': 45.46666666659985}, 'possession_time': 59.16666666660012, 'entries': {'controlled_attempts': 3, 'controlled_success': 1, 'dump_attempts': 2}, 'exits': {'controlled_attempts': 1, 'controlled_success': 1, 'dump_attempts': 0}, 'shots': {'on': 0, 'missed': 1, 'blocked': 1, 'total': 5}, 'passes': 19, 'lpr_recoveries': 3, 'pressure_events': 3, 'turnovers': 4}","{'zone_time': {'oz': 45.46666666659985, 'nz': 12.36666666670044, 'dz': 36.6000000000995}, 'possession_time': 34.866666666799574, 'entries': {'controlled_attempts': 1, 'controlled_success': 0, 'dump_attempts': 2}, 'exits': {'controlled_attempts': 0, 'controlled_success': 0, 'dump_attempts': 2}, 'shots': {'on': 0, 'missed': 0, 'blocked': 1, 'total': 5}, 'passes': 9, 'lpr_recoveries': 0, 'pressure_events': 8, 'turnovers': 4}",2,10,0,1,2,28,4,4,1,2,3,11,8,,oz,5v5,dz,oz,28.0,8.0
35,34.0,3350,3378,28,18.16666666669971,3,3,3240.0333333333,3258.2,840.03333333333,858.2,"['dz', 'oz', 'nz']","{'home_score': 3, 'away_score': 3, 'score_diff': 0, 'home_skaters': None, 'away_skaters': None, 'strength': None, 'period': 3, 'time_remaining_period': 359.96666666667, 'period_type': 'REG', 'microtrend_60': {'home': {'goals': 0, 'shot_attempts': 2, 'entries_c_att': 2, 'entries_c_succ': 1, 'pressure_events': 1, 'turnovers': 2}, 'away': {'goals': 0, 'shot_attempts': 3, 'entries_c_att': 1, 'entries_c_succ': 0, 'pressure_events': 5, 'turnovers': 2}}}","{'home_score': 3, 'away_score': 3, 'score_diff': 0, 'home_skaters': None, 'away_skaters': None, 'strength': None, 'period': 3, 'time_remaining_period': 341.79999999999995, 'period_type': 'REG', 'microtrend_60': {'home': {'goals': 0, 'shot_attempts': 2, 'entries_c_att': 1, 'entries_c_succ': 0, 'pressure_events': 1, 'turnovers': 1}, 'away': {'goals': 0, 'shot_attempts': 3, 'entries_c_att': 1, 'entries_c_succ': 0, 'pressure_events': 4, 'turnovers': 3}}}","{'zone_time': {'oz': 7.800000000099317, 'nz': 1.2000000000002728, 'dz': 9.166666666600122}, 'possession_time': 6.7999999999001375, 'entries': {'controlled_attempts': 0, 'controlled_success': 0, 'dump_attempts': 1}, 'exits': {'controlled_attempts': 0, 'controlled_success': 0, 'dump_attempts': 1}, 'shots': {'on': 0, 'missed': 0, 'blocked': 0, 'total': 0}, 'passes': 2, 'lpr_recoveries': 2, 'pressure_events': 0, 'turnovers': 0}","{'zone_time': {'oz': 9.166666666600122, 'nz': 1.2000000000002728, 'dz': 7.800000000099317}, 'possession_time': 10.333333333399878, 'entries': {'controlled_attempts': 0, 'controlled_success': 0, 'dump_attempts': 1}, 'exits': {'controlled_attempts': 1, 'controlled_success': 1, 'dump_attempts': 0}, 'shots': {'on': 0, 'missed': 0, 'blocked': 0, 'total': 0}, 'passes': 2, 'lpr_recoveries': 3, 'pressure_events': 0, 'turnovers': 1}",2,0,0,0,0,4,0,2,1,1,5,0,1,,,5v5,oz,dz,28.0,8.0
36,35.0,3378,3413,35,27.600000000000364,3,3,3258.2,3285.8,858.2,885.8,"['oz', 'dz']","{'home_score': 3, 'away_score': 3, 'score_diff': 0, 'home_skaters': None, 'away_skaters': None, 'strength': None, 'period': 3, 'time_remaining_period': 341.79999999999995, 'period_type': 'REG', 'microtrend_60': {'home': {'goals': 0, 'shot_attempts': 2, 'entries_c_att': 1, 'entries_c_succ': 0, 'pressure_events': 1, 'turnovers': 1}, 'away': {'goals': 0, 'shot_attempts': 3, 'entries_c_att': 1, 'entries_c_succ': 0, 'pressure_events': 4, 'turnovers': 3}}}","{'home_score': 3, 'away_score': 3, 'score_diff': 0, 'home_skaters': 5, 'away_skaters': 4, 'strength': '5v4', 'period': 3, 'time_remaining_period': 314.20000000000005, 'period_type': 'REG', 'microtrend_60': {'home': {'goals': 0, 'shot_attempts': 5, 'entries_c_att': 1, 'entries_c_succ': 0, 'pressure_events': 0, 'turnovers': 1}, 'away': {'goals': 0, 'shot_attempts': 5, 'entries_c_att': 0, 'entries_c_succ': 0, 'pressure_events': 5, 'turnovers': 2}}}","{'zone_time': {'oz': 27.600000000000364, 'nz': 0.0, 'dz': 0.0}, 'possession_time': 25.666666666700166, 'entries': {'controlled_attempts': 0, 'controlled_success': 0, 'dump_attempts': 0}, 'exits': {'controlled_attempts': 0, 'controlled_success': 0, 'dump_attempts': 0}, 'shots': {'on': 1, 'missed': 0, 'blocked': 1, 'total': 3}, 'passes': 10, 'lpr_recoveries': 1, 'pressure_events': 0, 'turnovers': 0}","{'zone_time': {'oz': 0.0, 'nz': 0.0, 'dz': 27.600000000000364}, 'possession_time': 0.0, 'entries': {'controlled_attempts': 0, 'controlled_success': 0, 'dump_attempts': 0}, 'exits': {'controlled_attempts': 0, 'controlled_success': 0, 'dump_attempts': 0}, 'shots': {'on': 0, 'missed': 0, 'blocked': 0, 'total': 4}, 'passes': 0, 'lpr_recoveries': 0, 'pressure_events': 4, 'turnovers': 0}",1,7,1,0,1,10,0,0,0,0,1,4,0,,oz,4v5,oz,dz,28.0,8.0
37,36.0,3413,3693,280,275.0,3,3,3287.0333333333,3562.0333333333,887.03333333333,1162.0333333333,"['oz', 'dz', 'nz']","{'home_score': 3, 'away_score': 3, 'score_diff': 0, 'home_skaters': None, 'away_skaters': None, 'strength': None, 'period': 3, 'time_remaining_period': 312.96666666667, 'period_type': 'REG', 'microtrend_60': {'home': {'goals': 0, 'shot_attempts': 5, 'entries_c_att': 1, 'entries_c_succ': 0, 'pressure_events': 0, 'turnovers': 1}, 'away': {'goals': 0, 'shot_attempts': 5, 'entries_c_att': 0, 'entries_c_succ': 0, 'pressure_events': 5, 'turnovers': 2}}}","{'home_score': 3, 'away_score': 4, 'score_diff': -1, 'home_skaters': 6, 'away_skaters': 5, 'strength': '6v5', 'period': 3, 'time_remaining_period': 37.96666666669989, 'period_type': 'REG', 'microtrend_60': {'home': {'goals': 0, 'shot_attempts': 3, 'entries_c_att': 1, 'entries_c_succ': 1, 'pressure_events': 3, 'turnovers': 2}, 'away': {'goals': 0, 'shot_attempts': 4, 'entries_c_att': 0, 'entries_c_succ': 0, 'pressure_events': 4, 'turnovers': 0}}}","{'zone_time': {'oz': 150.23333333339906, 'nz': 39.06666666660021, 'dz': 84.93333333330065}, 'possession_time': 177.99999999980128, 'entries': {'controlled_attempts': 4, 'controlled_success': 2, 'dump_attempts': 14}, 'exits': {'controlled_attempts': 8, 'controlled_success': 8, 'dump_attempts': 0}, 'shots': {'on': 2, 'missed': 0, 'blocked': 4, 'total': 11}, 'passes': 41, 'lpr_recoveries': 11, 'pressure_events': 4, 'turnovers': 15}","{'zone_time': {'oz': 84.93333333330065, 'nz': 39.06666666660021, 'dz': 150.23333333339906}, 'possession_time': 94.30000000019845, 'entries': {'controlled_attempts': 1, 'controlled_success': 0, 'dump_attempts': 10}, 'exits': {'controlled_attempts': 3, 'controlled_success': 3, 'dump_attempts': 3}, 'shots': {'on': 1, 'missed': 0, 'blocked': 1, 'total': 11}, 'passes': 13, 'lpr_recoveries': 10, 'pressure_events': 14, 'turnovers': 0}",2,22,3,0,5,54,5,24,11,3,21,18,15,,dz,4v5,oz,dz,28.0,8.0
38,37.0,3693,3745,52,34.70000000000027,3,3,3563.4666666667,3598.1666666667,1163.4666666667,1198.1666666667,"['dz', 'oz', 'nz']","{'home_score': 3, 'away_score': 4, 'score_diff': -1, 'home_skaters': None, 'away_skaters': None, 'strength': None, 'period': 3, 'time_remaining_period': 36.53333333330011, 'period_type': 'REG', 'microtrend_60': {'home': {'goals': 0, 'shot_attempts': 3, 'entries_c_att': 1, 'entries_c_succ': 1, 'pressure_events': 3, 'turnovers': 2}, 'away': {'goals': 0, 'shot_attempts': 4, 'entries_c_att': 0, 'entries_c_succ': 0, 'pressure_events': 4, 'turnovers': 0}}}","{'home_score': 3, 'away_score': 4, 'score_diff': -1, 'home_skaters': 6, 'away_skaters': 5, 'strength': '6v5', 'period': 3, 'time_remaining_period': 1.833333333300061, 'period_type': 'REG', 'microtrend_60': {'home': {'goals': 0, 'shot_attempts': 7, 'entries_c_att': 2, 'entries_c_succ': 1, 'pressure_events': 3, 'turnovers': 2}, 'away': {'goals': 0, 'shot_attempts': 8, 'entries_c_att': 0, 'entries_c_succ': 0, 'pressure_events': 9, 'turnovers': 2}}}","{'zone_time': {'oz': 31.133333333400515, 'nz': 3.566666666599758, 'dz': 0.0}, 'possession_time': 19.700000000000273, 'entries': {'controlled_attempts': 1, 'controlled_success': 0, 'dump_attempts': 0}, 'exits': {'controlled_attempts': 0, 'controlled_success': 0, 'dump_attempts': 0}, 'shots': {'on': 0, 'missed': 2, 'blocked': 1, 'total': 4}, 'passes': 8, 'lpr_recoveries': 1, 'pressure_events': 1, 'turnovers': 1}","{'zone_time': {'oz': 0.0, 'nz': 3.566666666599758, 'dz': 31.133333333400515}, 'possession_time': 14.433333333399787, 'entries': {'controlled_attempts': 0, 'controlled_success': 0, 'dump_attempts': 0}, 'exits': {'controlled_attempts': 1, 'controlled_success': 1, 'dump_attempts': 0}, 'shots': {'on': 0, 'missed': 0, 'blocked': 0, 'total': 3}, 'passes': 3, 'lpr_recoveries': 2, 'pressure_events': 4, 'turnovers': 2}",2,7,0,2,1,11,1,0,1,0,3,5,3,,dz,5v6,oz,dz,28.0,8.0
