player_id,action,count,success,attempts,success_rate,total_player_events
8476458.0,NZ REC FACE OFF+ENTRY,2,2,2,1.0,130
8476458.0,F/OFF LPR+ NZ,1,1,1,1.0,130
8476458.0,NZPASS south+,1,1,1,1.0,130
8476458.0,DZ FACE OFF-,3,0,3,0.0,130
8476458.0,D-ZONE PASS RECEPTION,6,6,6,1.0,130
8476458.0,CONTROLLED EXIT FROM DZ,1,1,1,1.0,130
8476458.0,NZPASS north-,2,0,2,0.0,130
8476458.0,FAILED PASS TRAJECTORY LOCATION NZ,2,0,2,0.0,130
8476458.0,DEF LPR DZ,3,3,3,1.0,130
8476458.0,DUMP OUT+,1,1,1,1.0,130
8476458.0,LPR+ NZ,1,1,1,1.0,130
8476458.0,NZPASS north+,1,1,1,1.0,130
8476458.0,O-ZONE PASS RECEPTION,12,12,12,1.0,130
8476458.0,NORTH CYCLE +,2,2,2,1.0,130
8476458.0,OZ FACE OFF-,5,0,5,0.0,130
8476458.0,SOUTH CYCLE +,4,4,4,1.0,130
8476458.0,2on2 CONTROLLED ENTRY AGAINST-,1,0,1,0.0,130
8476458.0,SHOT PRESSURE,6,0,6,0.0,130
8476458.0,CONT LPR- DZ,2,0,2,0.0,130
8476458.0,BLOCK OPPOSITION PASS+,6,6,6,1.0,130
8476458.0,OZ REC FACE OFF+SON,2,2,2,1.0,130
8476458.0,CONT F/OFF LPR OZ,1,1,1,1.0,130
8476458.0,N-ZONE PASS RECEPTION,6,6,6,1.0,130
8476458.0,CARRY OVER REDLINE,4,4,4,1.0,130
8476458.0,CONTROLLED ENTRY INTO OZ,4,4,4,1.0,130
8476458.0,OZPASS OFF THE RUSH+,4,4,4,1.0,130
8476458.0,LPR+ DZ,1,1,1,1.0,130
8476458.0,DZDEKE-,1,0,1,0.0,130
8476458.0,SOUTH CYCLE -,2,0,2,0.0,130
8476458.0,FAILED PASS TRAJECTORY LOCATION OZ,5,0,5,0.0,130
8476458.0,OFF GLASS DUMP OUT-,1,0,1,0.0,130
8476458.0,DUMPIN AGAINST,1,0,1,0.0,130
8476458.0,OZPASS TO SLOT+,2,2,2,1.0,130
8476458.0,CONT LPR- OZ,1,0,1,0.0,130
8476458.0,DZONE STRETCH-,1,0,1,0.0,130
8476458.0,DZONE D2D+,3,3,3,1.0,130
8476458.0,NORTH CYCLE OFFBOARDS+,1,1,1,1.0,130
8476458.0,OFF LPR OZ,2,2,2,1.0,130
8476458.0,LPR- OZ,1,0,1,0.0,130
8476458.0,OFFSIDE CAUSED,1,0,1,0.0,130
8476458.0,MISS PASS,1,0,1,0.0,130
8476458.0,OFF LPR DZ,2,2,2,1.0,130
8476458.0,DZ OUTLET PASS+,3,3,3,1.0,130
8476458.0,DZ REC FACE OFF+,1,1,1,1.0,130
8476458.0,F/OFF LPR+ DZ,1,1,1,1.0,130
8476458.0,DZONE D2D OFFBOARDS-,1,0,1,0.0,130
8476458.0,FAILED PASS TRAJECTORY LOCATION DZ,1,0,1,0.0,130
8476458.0,DZ STICK CHK+,1,1,1,1.0,130
8476458.0,OZ REC FACE OFF+,1,1,1,1.0,130
8476458.0,OZPASS TO SLOT-,1,0,1,0.0,130
8476458.0,SOUTH CYCLE OFFBOARDS+,1,1,1,1.0,130
8476458.0,DI LPR OZ,1,1,1,1.0,130
8476458.0,NZ FACE OFF-,1,0,1,0.0,130
8476458.0,NORTH CYCLE OFFBOARDS-,1,0,1,0.0,130
8476458.0,OZDEKE-,1,0,1,0.0,130
8476458.0,DUMP IN+,1,1,1,1.0,130
8476458.0,NZONE E/W PASS+,1,1,1,1.0,130
8476458.0,EAST/WEST PASS-,1,0,1,0.0,130
8476458.0,OPPOSITION DUMP LPR,1,1,1,1.0,130
8476458.0,OZ ENTRY PASS-,1,0,1,0.0,130
8476458.0,BLOCK OPPOSITION SHOT+,1,1,1,1.0,130
8478403.0,NZ FACE OFF-,3,0,3,0.0,229
8478403.0,CONT LPR- DZ,3,0,3,0.0,229
8478403.0,N-ZONE PASS RECEPTION,12,12,12,1.0,229
8478403.0,OFFBOARDS OZ ENTRY PASS+,1,1,1,1.0,229
8478403.0,OZ REC FACE OFF+,2,2,2,1.0,229
8478403.0,F/OFF LPR OZ,2,2,2,1.0,229
8478403.0,SOUTH CYCLE +,7,7,7,1.0,229
8478403.0,MISS PASS,2,0,2,0.0,229
8478403.0,NZPASS south+,4,4,4,1.0,229
8478403.0,CARRY OVER REDLINE,17,17,17,1.0,229
8478403.0,CONTROLLED ENTRY INTO OZ,10,10,10,1.0,229
8478403.0,OZDEKE+,2,2,2,1.0,229
8478403.0,SOUTH CYCLE OFFBOARDS+,5,5,5,1.0,229
8478403.0,D-ZONE PASS RECEPTION,9,9,9,1.0,229
8478403.0,DZONE D2D+,3,3,3,1.0,229
8478403.0,DUMP IN+,1,1,1,1.0,229
8478403.0,OPPOSITION DUMP LPR,2,2,2,1.0,229
8478403.0,NZONE E/W PASS+,2,2,2,1.0,229
8478403.0,CONTROLLED EXIT FROM DZ,9,9,9,1.0,229
8478403.0,O-ZONE PASS RECEPTION,23,23,23,1.0,229
8478403.0,OZPASS TO SLOT+,7,7,7,1.0,229
8478403.0,DZ REC FACE OFF+EXIT,1,1,1,1.0,229
8478403.0,SLOT SHOT FOR ONNET,3,3,3,1.0,229
8478403.0,BLOCK OPPOSITION PASS+,2,2,2,1.0,229
8478403.0,DEF LPR OZ,3,3,3,1.0,229
8478403.0,OZPASS TO SLOT-,4,0,4,0.0,229
8478403.0,FAILED PASS TRAJECTORY LOCATION OZ,10,0,10,0.0,229
8478403.0,OFF LPR OZ,5,5,5,1.0,229
8478403.0,SOUTH CYCLE -,4,0,4,0.0,229
8478403.0,CONT OFF LPR OZ,2,2,2,1.0,229
8478403.0,NORTH CYCLE OFFBOARDS+,2,2,2,1.0,229
8478403.0,EAST/WEST PASS-,1,0,1,0.0,229
8478403.0,EAST/WEST PASS+,5,5,5,1.0,229
8478403.0,DZ FACE OFF-,2,0,2,0.0,229
8478403.0,SHOT PRESSURE,5,0,5,0.0,229
8478403.0,OFF LPR DZ,4,4,4,1.0,229
8478403.0,NZDEKE-,3,0,3,0.0,229
8478403.0,OFF LPR NZ,2,2,2,1.0,229
8478403.0,NORTH CYCLE +,2,2,2,1.0,229
8478403.0,OUTSIDE SHOT FOR ONNET,2,2,2,1.0,229
8478403.0,SC LPR OZ,1,1,1,1.0,229
8478403.0,OZ STICK CHK+,1,1,1,1.0,229
8478403.0,CONT LPR- NZ,1,0,1,0.0,229
8478403.0,DZ STICK CHK+,1,1,1,1.0,229
8478403.0,NZONE E/W PASS-,1,0,1,0.0,229
8478403.0,FAILED PASS TRAJECTORY LOCATION NZ,3,0,3,0.0,229
8478403.0,NZPASS north+,2,2,2,1.0,229
8478403.0,DZ REC FACE OFF+,2,2,2,1.0,229
8478403.0,2ND ASSIST,1,1,1,1.0,229
8478403.0,OZDEKE-,3,0,3,0.0,229
8478403.0,REB LPR OZ+,3,3,3,1.0,229
8478403.0,DZONE STRETCH+,1,1,1,1.0,229
8478403.0,LPR+ DZ,1,1,1,1.0,229
8478403.0,DZONE STRETCH OFFBOARDS-,1,0,1,0.0,229
8478403.0,DZ OUTLET PASS-,1,0,1,0.0,229
8478403.0,SLOT SHOT FOR BLOCKED,1,0,1,0.0,229
8478403.0,OUTSIDE SHOT FOR BLOCKED,1,0,1,0.0,229
8478403.0,NZ REC FACE OFF+ENTRY,1,1,1,1.0,229
8478403.0,F/OFF LPR+ NZ,2,2,2,1.0,229
8478403.0,OZPASS OFF THE RUSH-,1,0,1,0.0,229
8478403.0,F/OFF LPR+ DZ,1,1,1,1.0,229
8478403.0,NZ REC FACE OFF+,1,1,1,1.0,229
8478403.0,NZDEKE+,1,1,1,1.0,229
8478403.0,DEF LPR DZ,1,1,1,1.0,229
8478403.0,DZDEKE+,1,1,1,1.0,229
8478403.0,DZDEKE-,1,0,1,0.0,229
8478403.0,LPR- OZ,1,0,1,0.0,229
8478403.0,NORTH CYCLE -,1,0,1,0.0,229
8478403.0,OZPASS OFF THE RUSH+,1,1,1,1.0,229
8478403.0,CONT LPR- OZ,1,0,1,0.0,229
8478403.0,OFF GLASS DUMP OUT-,1,0,1,0.0,229
8478403.0,1ST ASSIST,1,1,1,1.0,229
8475208.0,N-ZONE PASS RECEPTION,5,5,5,1.0,108
8475208.0,DUMP IN+,2,2,2,1.0,108
8475208.0,LPR+ DZ,3,3,3,1.0,108
8475208.0,DZ OUTLET PASS OFFBOARDS+,1,1,1,1.0,108
8475208.0,DUMPIN AGAINST,2,0,2,0.0,108
8475208.0,DUMP IN LPR+,5,5,5,1.0,108
8475208.0,DZONE D2D+,3,3,3,1.0,108
8475208.0,D-ZONE PASS RECEPTION,9,9,9,1.0,108
8475208.0,CONTROLLED EXIT FROM DZ,5,5,5,1.0,108
8475208.0,NZPASS north-,1,0,1,0.0,108
8475208.0,FAILED PASS TRAJECTORY LOCATION NZ,1,0,1,0.0,108
8475208.0,NZPASS south+,3,3,3,1.0,108
8475208.0,BLOCK OPPOSITION PASS+,5,5,5,1.0,108
8475208.0,DEF LPR DZ,3,3,3,1.0,108
8475208.0,DZDEKE+,1,1,1,1.0,108
8475208.0,DZ OUTLET PASS+,7,7,7,1.0,108
8475208.0,DZONE D2D OFFBOARDS+,5,5,5,1.0,108
8475208.0,O-ZONE PASS RECEPTION,7,7,7,1.0,108
8475208.0,OUTSIDE SHOT FOR MISSED,1,0,1,0.0,108
8475208.0,OPPOSITION DUMP LPR,3,3,3,1.0,108
8475208.0,DZ OUTLET PASS-,1,0,1,0.0,108
8475208.0,DZDEKE-,1,0,1,0.0,108
8475208.0,OFF LPR DZ,1,1,1,1.0,108
8475208.0,F/OFF LPR+ DZ,1,1,1,1.0,108
8475208.0,OFF GLASS DUMP OUT+,1,1,1,1.0,108
8475208.0,NZPASS north+,2,2,2,1.0,108
8475208.0,NZ STICK CHK+,1,1,1,1.0,108
8475208.0,2on1 CONTROLLED ENTRY AGAINST-,2,0,2,0.0,108
8475208.0,SHOT PRESSURE,3,0,3,0.0,108
8475208.0,1on2 CONTROLLED ENTRY AGAINST+,1,1,1,1.0,108
8475208.0,NO PRESSURE LPR+,1,1,1,1.0,108
8475208.0,CONT HI PRESS DUMP IN LPR -,1,0,1,0.0,108
8475208.0,2on2 CONTROLLED ENTRY AGAINST-,1,0,1,0.0,108
8475208.0,NORTH CYCLE +,2,2,2,1.0,108
8475208.0,OUTSIDE SHOT FOR BLOCKED,1,0,1,0.0,108
8475208.0,NZONE E/W PASS+,1,1,1,1.0,108
8475208.0,CARRY OVER REDLINE,1,1,1,1.0,108
8475208.0,CONTROLLED ENTRY INTO OZ,1,1,1,1.0,108
8475208.0,OZPASS OFF THE RUSH+,1,1,1,1.0,108
8475208.0,SOUTH CYCLE +,1,1,1,1.0,108
8475208.0,DUMP OUT+,1,1,1,1.0,108
8475208.0,NZDEKE-,1,0,1,0.0,108
8475208.0,OFF LPR OZ,1,1,1,1.0,108
8475208.0,NORTH CYCLE OFFBOARDS-,2,0,2,0.0,108
8475208.0,FAILED PASS TRAJECTORY LOCATION OZ,3,0,3,0.0,108
8475208.0,BLOCK OPPOSITION SHOT+,1,1,1,1.0,108
8475208.0,CONTROLLED BREAKOUT,1,0,1,0.0,108
8475208.0,SOUTH CYCLE -,1,0,1,0.0,108
8481604.0,DUMPIN AGAINST,2,0,2,0.0,71
8481604.0,O-ZONE PASS RECEPTION,9,9,9,1.0,71
8481604.0,SOUTH CYCLE OFFBOARDS+,2,2,2,1.0,71
8481604.0,N-ZONE PASS RECEPTION,3,3,3,1.0,71
8481604.0,CONTROLLED ENTRY INTO OZ,2,2,2,1.0,71
8481604.0,OZPASS OFF THE RUSH-,1,0,1,0.0,71
8481604.0,FAILED PASS TRAJECTORY LOCATION OZ,2,0,2,0.0,71
8481604.0,OPPOSITION DUMP LPR,2,2,2,1.0,71
8481604.0,NZDEKE-,2,0,2,0.0,71
8481604.0,LPR FROM SC DZ,1,1,1,1.0,71
8481604.0,DZONE D2D OFFBOARDS+,3,3,3,1.0,71
8481604.0,OZPASS TO SLOT-,1,0,1,0.0,71
8481604.0,CONT LPR- DZ,3,0,3,0.0,71
8481604.0,NORTH CYCLE OFFBOARDS-,1,0,1,0.0,71
8481604.0,BLUE HOLD+,1,1,1,1.0,71
8481604.0,OZPASS OFF THE RUSH+,1,1,1,1.0,71
8481604.0,BLOCK OPPOSITION PASS+,2,2,2,1.0,71
8481604.0,DEF LPR DZ,2,2,2,1.0,71
8481604.0,DZONE D2D+,3,3,3,1.0,71
8481604.0,REB LPR OZ+,1,1,1,1.0,71
8481604.0,SLOT SHOT FOR BLOCKED,1,0,1,0.0,71
8481604.0,LPR+ DZ,1,1,1,1.0,71
8481604.0,D-ZONE PASS RECEPTION,2,2,2,1.0,71
8481604.0,DZDEKE-,1,0,1,0.0,71
8481604.0,LPRREB+,1,1,1,1.0,71
8481604.0,O-ZONE ENTRY PASS RECEPTION,1,1,1,1.0,71
8481604.0,OUTSIDE SHOT FOR ONNET,2,2,2,1.0,71
8481604.0,SOUTH CYCLE +,3,3,3,1.0,71
8481604.0,SLOT SHOT FOR ONNET,1,1,1,1.0,71
8481604.0,SHOT PRESSURE,2,0,2,0.0,71
8481604.0,DZPUCKPROTECTION+,1,1,1,1.0,71
8481604.0,DZDEKE+,1,1,1,1.0,71
8481604.0,BLOCK OPPOSITION SHOT+,1,1,1,1.0,71
8481604.0,NZPASS north+,2,2,2,1.0,71
8481604.0,CONT LPR+ DZ,1,1,1,1.0,71
8481604.0,CONTROLLED EXIT FROM DZ,1,1,1,1.0,71
8481604.0,CONT LPR+ OZ,1,1,1,1.0,71
8481604.0,CONT LPR- NZ,1,0,1,0.0,71
8481604.0,BLOCK OPPOSITION PASS-,1,0,1,0.0,71
8481604.0,NORTH CYCLE OFFBOARDS+,1,1,1,1.0,71
8481604.0,2on3 CONTROLLED ENTRY AGAINST-,1,0,1,0.0,71
8478492.0,DUMP IN LPR-,7,0,7,0.0,25
8478492.0,1on2 CONTROLLED ENTRY AGAINST+,1,1,1,1.0,25
8478492.0,DZ STICK CHK+,1,1,1,1.0,25
8478492.0,1on1 CONTROLLED ENTRY AGAINST+,1,1,1,1.0,25
8478492.0,SHOT PRESSURE,1,0,1,0.0,25
8478492.0,NO PRESSURE LPR+,5,5,5,1.0,25
8478492.0,DZONE D2D+,6,6,6,1.0,25
8478492.0,DUMP IN LPR+,1,1,1,1.0,25
8478492.0,HI PRESS DUMP IN LPR+,1,1,1,1.0,25
8478492.0,DZ OUTLET PASS OFFBOARDS+,1,1,1,1.0,25
8475188.0,HI PRESS DUMP IN LPR+,1,1,1,1.0,123
8475188.0,DZ OUTLET PASS OFFBOARDS-,1,0,1,0.0,123
8475188.0,OFF LPR DZ,3,3,3,1.0,123
8475188.0,DZ OUTLET PASS-,4,0,4,0.0,123
8475188.0,FAILED PASS TRAJECTORY LOCATION DZ,3,0,3,0.0,123
8475188.0,O-ZONE PASS RECEPTION,5,5,5,1.0,123
8475188.0,EAST/WEST PASS+,2,2,2,1.0,123
8475188.0,BLOCK OPPOSITION PASS+,4,4,4,1.0,123
8475188.0,CONT DEF LPR NZ,1,1,1,1.0,123
8475188.0,NZPASS north+,1,1,1,1.0,123
8475188.0,DUMPIN AGAINST,5,0,5,0.0,123
8475188.0,OPPOSITION DUMP LPR,1,1,1,1.0,123
8475188.0,CARRY OVER REDLINE,1,1,1,1.0,123
8475188.0,NZPASS south+,1,1,1,1.0,123
8475188.0,D-ZONE PASS RECEPTION,16,16,16,1.0,123
8475188.0,DZONE D2D+,5,5,5,1.0,123
8475188.0,OZPASS TO SLOT+,1,1,1,1.0,123
8475188.0,BLUE HOLD+,2,2,2,1.0,123
8475188.0,DEF LPR OZ,3,3,3,1.0,123
8475188.0,NORTH CYCLE +,1,1,1,1.0,123
8475188.0,F/OFF LPR+ DZ,2,2,2,1.0,123
8475188.0,DZ OUTLET PASS OFFBOARDS+,6,6,6,1.0,123
8475188.0,CONT LPR- OZ,1,0,1,0.0,123
8475188.0,DZ OUTLET PASS+,2,2,2,1.0,123
8475188.0,DZONE STRETCH OFFBOARDS+,1,1,1,1.0,123
8475188.0,LPR+ DZ,1,1,1,1.0,123
8475188.0,DZPUCKPROTECTION-,1,0,1,0.0,123
8475188.0,2on2 CONTROLLED ENTRY AGAINST-,2,0,2,0.0,123
8475188.0,CONT LPR- DZ,6,0,6,0.0,123
8475188.0,LPRREB+,3,3,3,1.0,123
8475188.0,FLIP DUMP OUT-,1,0,1,0.0,123
8475188.0,3on3 CONTROLLED ENTRY AGAINST+,1,1,1,1.0,123
8475188.0,CONT HI PRESS DUMP IN LPR+,1,1,1,1.0,123
8475188.0,DZONE D2D OFFBOARDS-,1,0,1,0.0,123
8475188.0,1on1 CONTROLLED ENTRY AGAINST+,1,1,1,1.0,123
8475188.0,DZONE STRETCH-,1,0,1,0.0,123
8475188.0,FAILED PASS TRAJECTORY LOCATION NZ,3,0,3,0.0,123
8475188.0,DZONE D2D OFFBOARDS+,2,2,2,1.0,123
8475188.0,OUTSIDE SHOT FOR ONNET,2,2,2,1.0,123
8475188.0,DEF LPR NZ,1,1,1,1.0,123
8475188.0,DZONE STRETCH+,1,1,1,1.0,123
8475188.0,SHOT PRESSURE,3,0,3,0.0,123
8475188.0,BLOCK OPPOSITION SHOT+,3,3,3,1.0,123
8475188.0,DEF LPR DZ,2,2,2,1.0,123
8475188.0,OFF GLASS DUMP OUT-,2,0,2,0.0,123
8475188.0,DUMP IN+,1,1,1,1.0,123
8475188.0,OUTSIDE SHOT FOR BLOCKED,1,0,1,0.0,123
8475188.0,DZDEKE-,1,0,1,0.0,123
8475188.0,FLIP DUMP OUT+,1,1,1,1.0,123
8475188.0,CONT LPR- NZ,1,0,1,0.0,123
8475188.0,3on2 CONTROLLED ENTRY AGAINST+,1,1,1,1.0,123
8475188.0,ICING,1,0,1,0.0,123
8475188.0,PREVENT RECEPTION OZ,1,1,1,1.0,123
8475188.0,3on3 CONTROLLED ENTRY AGAINST-,1,0,1,0.0,123
8475188.0,1on2 CONTROLLED ENTRY AGAINST+,1,1,1,1.0,123
8475188.0,DZ STICK CHK+,2,2,2,1.0,123
8477964.0,MISS PASS,2,0,2,0.0,82
8477964.0,CONT OFF LPR DZ,1,1,1,1.0,82
8477964.0,DZ OUTLET PASS+,6,6,6,1.0,82
8477964.0,O-ZONE ENTRY PASS RECEPTION,1,1,1,1.0,82
8477964.0,SOUTH CYCLE OFFBOARDS+,3,3,3,1.0,82
8477964.0,O-ZONE PASS RECEPTION,7,7,7,1.0,82
8477964.0,D-ZONE PASS RECEPTION,6,6,6,1.0,82
8477964.0,CONTROLLED EXIT FROM DZ,1,1,1,1.0,82
8477964.0,NZDEKE-,1,0,1,0.0,82
8477964.0,SOUTH CYCLE +,2,2,2,1.0,82
8477964.0,OZPASS TO SLOT-,3,0,3,0.0,82
8477964.0,FAILED PASS TRAJECTORY LOCATION OZ,5,0,5,0.0,82
8477964.0,CONT LPR- OZ,4,0,4,0.0,82
8477964.0,EAST/WEST PASS-,1,0,1,0.0,82
8477964.0,SHOT PRESSURE,2,0,2,0.0,82
8477964.0,CONT LPR- NZ,3,0,3,0.0,82
8477964.0,OZ STICK CHK+,1,1,1,1.0,82
8477964.0,BLOCK OPPOSITION PASS+,3,3,3,1.0,82
8477964.0,DEF LPR DZ,2,2,2,1.0,82
8477964.0,DZPUCKPROTECTION-,1,0,1,0.0,82
8477964.0,CONT LPR- DZ,1,0,1,0.0,82
8477964.0,DZDEKE-,1,0,1,0.0,82
8477964.0,DUMPIN AGAINST,1,0,1,0.0,82
8477964.0,N-ZONE PASS RECEPTION,4,4,4,1.0,82
8477964.0,CONTROLLED ENTRY INTO OZ,2,2,2,1.0,82
8477964.0,NZONE E/W PASS+,2,2,2,1.0,82
8477964.0,DEF LPR OZ,1,1,1,1.0,82
8477964.0,MISS SHOT LPR OZ,1,1,1,1.0,82
8477964.0,OZPASS TO SLOT+,2,2,2,1.0,82
8477964.0,DZ OUTLET PASS-,1,0,1,0.0,82
8477964.0,FAILED PASS TRAJECTORY LOCATION DZ,1,0,1,0.0,82
8477964.0,OFF LPR DZ,1,1,1,1.0,82
8477964.0,NZ STICK CHK+,1,1,1,1.0,82
8477964.0,LPR FROM SC NZ,1,1,1,1.0,82
8477964.0,NZPASS north-,1,0,1,0.0,82
8477964.0,FAILED PASS TRAJECTORY LOCATION NZ,1,0,1,0.0,82
8477964.0,NORTH CYCLE +,1,1,1,1.0,82
8477964.0,CONT MISS SHOT LPR OZ,1,1,1,1.0,82
8477964.0,NORTH CYCLE OFFBOARDS-,1,0,1,0.0,82
8477964.0,LPR+ DZ,1,1,1,1.0,82
8477964.0,FLIP DUMP OUT+,1,1,1,1.0,82
8481563.0,BLUE HOLD+,1,1,1,1.0,136
8481563.0,1on2 CONTROLLED ENTRY AGAINST-,3,0,3,0.0,136
8481563.0,CONT HI PRESS DUMP IN LPR -,2,0,2,0.0,136
8481563.0,D-ZONE PASS RECEPTION,11,11,11,1.0,136
8481563.0,DZ OUTLET PASS+,6,6,6,1.0,136
8481563.0,LPR+ OZ,2,2,2,1.0,136
8481563.0,SOUTH CYCLE -,1,0,1,0.0,136
8481563.0,FAILED PASS TRAJECTORY LOCATION OZ,3,0,3,0.0,136
8481563.0,BLOCK OPPOSITION PASS+,5,5,5,1.0,136
8481563.0,DEF LPR NZ,1,1,1,1.0,136
8481563.0,N-ZONE PASS RECEPTION,7,7,7,1.0,136
8481563.0,CARRY OVER REDLINE,4,4,4,1.0,136
8481563.0,DUMP IN+,3,3,3,1.0,136
8481563.0,O-ZONE PASS RECEPTION,5,5,5,1.0,136
8481563.0,NORTH CYCLE OFFBOARDS-,1,0,1,0.0,136
8481563.0,DEF LPR DZ,1,1,1,1.0,136
8481563.0,DZ OUTLET PASS-,4,0,4,0.0,136
8481563.0,FAILED PASS TRAJECTORY LOCATION DZ,6,0,6,0.0,136
8481563.0,3on3 CONTROLLED ENTRY AGAINST+,3,3,3,1.0,136
8481563.0,MISS SHOT LPR OZ,3,3,3,1.0,136
8481563.0,OUTSIDE SHOT FOR ONNET,3,3,3,1.0,136
8481563.0,3on3 CONTROLLED ENTRY AGAINST-,2,0,2,0.0,136
8481563.0,CONT LPR- DZ,2,0,2,0.0,136
8481563.0,2on1 CONTROLLED ENTRY AGAINST+,1,1,1,1.0,136
8481563.0,CONT LPR+ DZ,1,1,1,1.0,136
8481563.0,DZPUCKPROTECTION-,1,0,1,0.0,136
8481563.0,DZ OUTLET PASS OFFBOARDS-,2,0,2,0.0,136
8481563.0,DZONE STRETCH+,3,3,3,1.0,136
8481563.0,OFF LPR DZ,1,1,1,1.0,136
8481563.0,FAILED PASS TRAJECTORY LOCATION NZ,1,0,1,0.0,136
8481563.0,OZ ENTRY PASS+,2,2,2,1.0,136
8481563.0,CONT LPR- NZ,1,0,1,0.0,136
8481563.0,SHOT PRESSURE,5,0,5,0.0,136
8481563.0,2on2 CONTROLLED ENTRY AGAINST-,2,0,2,0.0,136
8481563.0,NZPASS south+,1,1,1,1.0,136
8481563.0,LPRREB+,1,1,1,1.0,136
8481563.0,DZONE D2D OFFBOARDS+,1,1,1,1.0,136
8481563.0,OPPOSITION DUMP LPR,1,1,1,1.0,136
8481563.0,DZONE STRETCH OFFBOARDS+,2,2,2,1.0,136
8481563.0,DUMP IN LPR+,3,3,3,1.0,136
8481563.0,HI PRESS DUMP IN LPR+,3,3,3,1.0,136
8481563.0,DZONE D2D OFFBOARDS-,1,0,1,0.0,136
8481563.0,2on3 CONTROLLED ENTRY AGAINST+,1,1,1,1.0,136
8481563.0,DZ STICK CHK+,2,2,2,1.0,136
8481563.0,NORTH CYCLE -,1,0,1,0.0,136
8481563.0,2on2 CONTROLLED ENTRY AGAINST+,2,2,2,1.0,136
8481563.0,CONT DEF LPR DZ,1,1,1,1.0,136
8481563.0,OFF GLASS DUMP OUT-,1,0,1,0.0,136
8481563.0,DUMPIN AGAINST,1,0,1,0.0,136
8481563.0,BLOCK OPPOSITION SHOT+,2,2,2,1.0,136
8481563.0,SOUTH CYCLE +,1,1,1,1.0,136
8481563.0,DZ OUTLET PASS OFFBOARDS+,2,2,2,1.0,136
8481563.0,DZDEKE+,1,1,1,1.0,136
8481563.0,NORTH CYCLE OFFBOARDS+,1,1,1,1.0,136
8481563.0,NORTH CYCLE +,2,2,2,1.0,136
8481563.0,DUMP OUT+,1,1,1,1.0,136
8481563.0,DZONE D2D+,1,1,1,1.0,136
8481563.0,LPR+ DZ,2,2,2,1.0,136
8481563.0,OFF GLASS DUMP OUT+,1,1,1,1.0,136
8481563.0,DZONE D2D-,1,0,1,0.0,136
8478873.0,CONT LPR- OZ,9,0,9,0.0,160
8478873.0,1on2 CONTROLLED ENTRY AGAINST-,1,0,1,0.0,160
8478873.0,LPR+ DZ,1,1,1,1.0,160
8478873.0,DZ OUTLET PASS+,4,4,4,1.0,160
8478873.0,BLOCK OPPOSITION PASS-,2,0,2,0.0,160
8478873.0,DUMP IN LPR+,2,2,2,1.0,160
8478873.0,DZ OUTLET PASS-,1,0,1,0.0,160
8478873.0,FAILED PASS TRAJECTORY LOCATION NZ,3,0,3,0.0,160
8478873.0,BLOCK OPPOSITION PASS+,4,4,4,1.0,160
8478873.0,MISS PASS,3,0,3,0.0,160
8478873.0,OZ STICK CHK+,1,1,1,1.0,160
8478873.0,SC LPR OZ,1,1,1,1.0,160
8478873.0,SOUTH CYCLE +,4,4,4,1.0,160
8478873.0,N-ZONE PASS RECEPTION,8,8,8,1.0,160
8478873.0,CONTROLLED ENTRY INTO OZ,7,7,7,1.0,160
8478873.0,OZDEKE+,9,9,9,1.0,160
8478873.0,NORTH CYCLE +,3,3,3,1.0,160
8478873.0,MISS SHOT LPR OZ,2,2,2,1.0,160
8478873.0,NORTH CYCLE OFFBOARDS+,4,4,4,1.0,160
8478873.0,O-ZONE PASS RECEPTION,10,10,10,1.0,160
8478873.0,OUTSIDE SHOT FOR BLOCKED,1,0,1,0.0,160
8478873.0,CONT LPR- DZ,2,0,2,0.0,160
8478873.0,DEF LPR DZ,2,2,2,1.0,160
8478873.0,CONTROLLED EXIT FROM DZ,7,7,7,1.0,160
8478873.0,DUMP IN+,1,1,1,1.0,160
8478873.0,D-ZONE PASS RECEPTION,8,8,8,1.0,160
8478873.0,CARRY OVER REDLINE,7,7,7,1.0,160
8478873.0,OZ ENTRY PASS-,1,0,1,0.0,160
8478873.0,FAILED PASS TRAJECTORY LOCATION OZ,5,0,5,0.0,160
8478873.0,O-ZONE ENTRY PASS RECEPTION,3,3,3,1.0,160
8478873.0,OZPASS TO SLOT-,2,0,2,0.0,160
8478873.0,DZONE D2D+,1,1,1,1.0,160
8478873.0,OZDEKE-,5,0,5,0.0,160
8478873.0,F/OFF LPR+ NZ,1,1,1,1.0,160
8478873.0,NZPASS south+,1,1,1,1.0,160
8478873.0,OZPASS OFF THE RUSH+,4,4,4,1.0,160
8478873.0,OFF LPR OZ,1,1,1,1.0,160
8478873.0,CONT F/OFF LPR OZ,1,1,1,1.0,160
8478873.0,SOUTH CYCLE OFFBOARDS+,1,1,1,1.0,160
8478873.0,OUTSIDE SHOT FOR ONNET,1,1,1,1.0,160
8478873.0,REB LPR OZ+,1,1,1,1.0,160
8478873.0,NZPASS north-,2,0,2,0.0,160
8478873.0,DZONE D2D-,1,0,1,0.0,160
8478873.0,OFF LPR DZ,1,1,1,1.0,160
8478873.0,NZDEKE-,2,0,2,0.0,160
8478873.0,LPR- OZ,3,0,3,0.0,160
8478873.0,OFFSIDE CAUSED,1,0,1,0.0,160
8478873.0,OZPASS TO SLOT+,1,1,1,1.0,160
8478873.0,NZONE E/W PASS+,2,2,2,1.0,160
8478873.0,CONT DI LPR OZ,1,1,1,1.0,160
8478873.0,SOUTH CYCLE -,1,0,1,0.0,160
8478873.0,LPR+ NZ,1,1,1,1.0,160
8478873.0,NZPASS north+,1,1,1,1.0,160
8478873.0,OZPASS OFF THE RUSH-,1,0,1,0.0,160
8478873.0,SLOT SHOT FOR ONNET,1,1,1,1.0,160
8478873.0,LPR+ OZ,1,1,1,1.0,160
8478873.0,EAST/WEST PASS+,1,1,1,1.0,160
8478873.0,NZDEKE+,1,1,1,1.0,160
8478873.0,DEF LPR OZ,1,1,1,1.0,160
8478873.0,OFF LPR NZ,1,1,1,1.0,160
8478873.0,SHOT PRESSURE,1,0,1,0.0,160
8477447.0,D-ZONE PASS RECEPTION,16,16,16,1.0,216
8477447.0,DZONE STRETCH+,2,2,2,1.0,216
8477447.0,O-ZONE PASS RECEPTION,24,24,24,1.0,216
8477447.0,OUTSIDE SHOT FOR ONNET,3,3,3,1.0,216
8477447.0,NORTH CYCLE OFFBOARDS-,1,0,1,0.0,216
8477447.0,DZ OUTLET PASS+,10,10,10,1.0,216
8477447.0,DUMP IN LPR+,6,6,6,1.0,216
8477447.0,DZ OUTLET PASS OFFBOARDS-,3,0,3,0.0,216
8477447.0,FAILED PASS TRAJECTORY LOCATION DZ,7,0,7,0.0,216
8477447.0,DZONE D2D+,6,6,6,1.0,216
8477447.0,OFF LPR OZ,4,4,4,1.0,216
8477447.0,NORTH CYCLE OFFBOARDS+,3,3,3,1.0,216
8477447.0,BLUE HOLD+,1,1,1,1.0,216
8477447.0,DEF LPR OZ,1,1,1,1.0,216
8477447.0,NORTH CYCLE +,9,9,9,1.0,216
8477447.0,NORTH CYCLE -,1,0,1,0.0,216
8477447.0,FAILED PASS TRAJECTORY LOCATION OZ,3,0,3,0.0,216
8477447.0,LPRREB+,1,1,1,1.0,216
8477447.0,OZDEKE+,2,2,2,1.0,216
8477447.0,OZDEKE-,1,0,1,0.0,216
8477447.0,LPR+ OZ,1,1,1,1.0,216
8477447.0,DUMPIN AGAINST,5,0,5,0.0,216
8477447.0,DZONE D2D OFFBOARDS+,3,3,3,1.0,216
8477447.0,N-ZONE PASS RECEPTION,3,3,3,1.0,216
8477447.0,DUMP IN+,3,3,3,1.0,216
8477447.0,LPR+ DZ,4,4,4,1.0,216
8477447.0,DZ OUTLET PASS OFFBOARDS+,2,2,2,1.0,216
8477447.0,SHOT PRESSURE,6,0,6,0.0,216
8477447.0,BLOCK OPPOSITION SHOT+,3,3,3,1.0,216
8477447.0,BLOCK OPPOSITION PASS+,5,5,5,1.0,216
8477447.0,DEF LPR DZ,3,3,3,1.0,216
8477447.0,DZ OUTLET PASS-,7,0,7,0.0,216
8477447.0,2on2 CONTROLLED ENTRY AGAINST-,1,0,1,0.0,216
8477447.0,DZONE STRETCH-,1,0,1,0.0,216
8477447.0,FAILED PASS TRAJECTORY LOCATION NZ,4,0,4,0.0,216
8477447.0,DZ STICK CHK+,2,2,2,1.0,216
8477447.0,LPR FROM SC DZ,2,2,2,1.0,216
8477447.0,NO PRESSURE LPR+,2,2,2,1.0,216
8477447.0,CONTROLLED BREAKOUT,1,0,1,0.0,216
8477447.0,CONTROLLED EXIT FROM DZ,3,3,3,1.0,216
8477447.0,CARRY OVER REDLINE,2,2,2,1.0,216
8477447.0,OZ ENTRY PASS-,1,0,1,0.0,216
8477447.0,CONT LPR- NZ,1,0,1,0.0,216
8477447.0,DEFENSIVE DUMP LPR,1,1,1,1.0,216
8477447.0,3on3 CONTROLLED ENTRY AGAINST-,2,0,2,0.0,216
8477447.0,DUMP IN LPR-,1,0,1,0.0,216
8477447.0,3on2 CONTROLLED ENTRY AGAINST+,1,1,1,1.0,216
8477447.0,1on1 CONTROLLED ENTRY AGAINST+,1,1,1,1.0,216
8477447.0,F/OFF LPR+ DZ,2,2,2,1.0,216
8477447.0,REB LPR OZ+,1,1,1,1.0,216
8477447.0,SLOT SHOT FOR ONNET,2,2,2,1.0,216
8477447.0,GOAL,2,2,2,1.0,216
8477447.0,OZ ENTRY PASS+,1,1,1,1.0,216
8477447.0,INTERFERENCE PENALTY DRAWN OZ,1,1,1,1.0,216
8477447.0,EAST/WEST PASS+,6,6,6,1.0,216
8477447.0,OZPUCKPROTECTION-,1,0,1,0.0,216
8477447.0,OZPASS TO SLOT-,1,0,1,0.0,216
8477447.0,OZPASS TO SLOT+,2,2,2,1.0,216
8477447.0,MISS PASS,1,0,1,0.0,216
8477447.0,FLIP DUMP OUT+,2,2,2,1.0,216
8477447.0,HI PRESS DUMP IN LPR+,1,1,1,1.0,216
8477447.0,NZ STICK CHK+,2,2,2,1.0,216
8477447.0,OPPOSITION DUMP LPR,1,1,1,1.0,216
8477447.0,OFFBOARDS OZ ENTRY PASS+,1,1,1,1.0,216
8477447.0,ICING,1,0,1,0.0,216
8477447.0,OFF LPR DZ,1,1,1,1.0,216
8477447.0,NZPASS north+,1,1,1,1.0,216
8477447.0,CI LPR OZ,1,1,1,1.0,216
8477447.0,SLOT SHOT FOR BLOCKED,1,0,1,0.0,216
8477447.0,3on3 CONTROLLED ENTRY AGAINST+,1,1,1,1.0,216
8477447.0,OFF LPR NZ,1,1,1,1.0,216
8477447.0,CONT HI PRESS DUMP IN LPR -,1,0,1,0.0,216
8477447.0,OUTSIDE SHOT FOR BLOCKED,1,0,1,0.0,216
8477447.0,F/OFF LPR OZ,1,1,1,1.0,216
8477447.0,EAST/WEST PASS-,1,0,1,0.0,216
8477447.0,CONT REB LPR OZ+,1,1,1,1.0,216
8477447.0,SOUTH CYCLE +,1,1,1,1.0,216
8477447.0,DUMP OUT+,1,1,1,1.0,216
8478366.0,SHOT PRESSURE,4,0,4,0.0,87
8478366.0,CONT LPR- NZ,1,0,1,0.0,87
8478366.0,DUMPIN AGAINST,1,0,1,0.0,87
8478366.0,N-ZONE PASS RECEPTION,4,4,4,1.0,87
8478366.0,CONTROLLED ENTRY INTO OZ,1,1,1,1.0,87
8478366.0,NORTH CYCLE OFFBOARDS-,1,0,1,0.0,87
8478366.0,O-ZONE PASS RECEPTION,8,8,8,1.0,87
8478366.0,OZDEKE-,3,0,3,0.0,87
8478366.0,DZ STICK CHK+,2,2,2,1.0,87
8478366.0,CONT LPR- DZ,3,0,3,0.0,87
8478366.0,LPR FROM SC DZ,1,1,1,1.0,87
8478366.0,DZ OUTLET PASS-,1,0,1,0.0,87
8478366.0,FAILED PASS TRAJECTORY LOCATION DZ,2,0,2,0.0,87
8478366.0,BLOCK OPPOSITION PASS-,2,0,2,0.0,87
8478366.0,D-ZONE PASS RECEPTION,4,4,4,1.0,87
8478366.0,DZ OUTLET PASS OFFBOARDS-,1,0,1,0.0,87
8478366.0,LPRREB+,1,1,1,1.0,87
8478366.0,DZ OUTLET PASS+,3,3,3,1.0,87
8478366.0,OFF LPR NZ,1,1,1,1.0,87
8478366.0,OUTSIDE SHOT FOR ONNET,2,2,2,1.0,87
8478366.0,DUMP IN LPR+,1,1,1,1.0,87
8478366.0,OFF LPR OZ,2,2,2,1.0,87
8478366.0,NZPASS north+,1,1,1,1.0,87
8478366.0,SOUTH CYCLE +,2,2,2,1.0,87
8478366.0,SLOT SHOT FOR MISSED,1,0,1,0.0,87
8478366.0,OFF LPR DZ,2,2,2,1.0,87
8478366.0,DZONE D2D+,1,1,1,1.0,87
8478366.0,INTERFERENCE PENALTY DZ,1,1,1,1.0,87
8478366.0,BLOCK OPPOSITION PASS+,2,2,2,1.0,87
8478366.0,NZONE E/W PASS-,1,0,1,0.0,87
8478366.0,FAILED PASS TRAJECTORY LOCATION NZ,1,0,1,0.0,87
8478366.0,OZ FACE OFF-,1,0,1,0.0,87
8478366.0,CONTROLLED EXIT FROM DZ,2,2,2,1.0,87
8478366.0,DUMP IN+,2,2,2,1.0,87
8478366.0,OUTSIDE SHOT FOR MISSED,1,0,1,0.0,87
8478366.0,CONT LPR- OZ,3,0,3,0.0,87
8478366.0,DEF LPR OZ,1,1,1,1.0,87
8478366.0,SLOT SHOT FOR ONNET,2,2,2,1.0,87
8478366.0,BLOCK OPPOSITION SHOT+,1,1,1,1.0,87
8478366.0,MISS PASS,2,0,2,0.0,87
8478366.0,LPR+ DZ,1,1,1,1.0,87
8478366.0,NZONE E/W PASS+,1,1,1,1.0,87
8478366.0,NORTH CYCLE OFFBOARDS+,1,1,1,1.0,87
8478366.0,DEFENSIVE DUMP LPR,1,1,1,1.0,87
8478366.0,NZPASS south OFFBOARDS+,1,1,1,1.0,87
8478366.0,DUMP IN-,1,0,1,0.0,87
8478366.0,OZDEKE+,1,1,1,1.0,87
8478366.0,CARRY OVER REDLINE,1,1,1,1.0,87
8478366.0,DZONE D2D OFFBOARDS+,2,2,2,1.0,87
8478366.0,DEF LPR DZ,1,1,1,1.0,87
8474565.0,O-ZONE PASS RECEPTION,11,11,11,1.0,153
8474565.0,OUTSIDE SHOT FOR ONNET,2,2,2,1.0,153
8474565.0,D-ZONE PASS RECEPTION,18,18,18,1.0,153
8474565.0,DZ OUTLET PASS+,8,8,8,1.0,153
8474565.0,2on3 CONTROLLED ENTRY AGAINST+,1,1,1,1.0,153
8474565.0,DZ STICK CHK+,2,2,2,1.0,153
8474565.0,DZONE D2D OFFBOARDS+,6,6,6,1.0,153
8474565.0,LPR+ DZ,6,6,6,1.0,153
8474565.0,DZONE D2D+,7,7,7,1.0,153
8474565.0,DZ OUTLET PASS-,3,0,3,0.0,153
8474565.0,FAILED PASS TRAJECTORY LOCATION DZ,8,0,8,0.0,153
8474565.0,HI PRESS DUMP IN LPR+,2,2,2,1.0,153
8474565.0,BLOCK OPPOSITION PASS+,4,4,4,1.0,153
8474565.0,DEF LPR DZ,4,4,4,1.0,153
8474565.0,LPRREB+,2,2,2,1.0,153
8474565.0,OFF LPR OZ,1,1,1,1.0,153
8474565.0,DUMP IN-,1,0,1,0.0,153
8474565.0,OZPASS TO SLOT+,1,1,1,1.0,153
8474565.0,MISS SHOT LPR OZ,1,1,1,1.0,153
8474565.0,NORTH CYCLE +,3,3,3,1.0,153
8474565.0,DUMPIN AGAINST,5,0,5,0.0,153
8474565.0,NO PRESSURE LPR+,2,2,2,1.0,153
8474565.0,DUMP IN LPR+,3,3,3,1.0,153
8474565.0,DZONE STRETCH+,1,1,1,1.0,153
8474565.0,1on1 CONTROLLED ENTRY AGAINST+,1,1,1,1.0,153
8474565.0,CONT HI PRESS DUMP IN LPR -,1,0,1,0.0,153
8474565.0,CONTROLLED EXIT FROM DZ,1,1,1,1.0,153
8474565.0,CARRY OVER REDLINE,1,1,1,1.0,153
8474565.0,CONTROLLED ENTRY INTO OZ,1,1,1,1.0,153
8474565.0,OZPASS OFF THE RUSH+,1,1,1,1.0,153
8474565.0,OPPOSITION DUMP LPR,4,4,4,1.0,153
8474565.0,DZ OUTLET PASS OFFBOARDS+,4,4,4,1.0,153
8474565.0,DZONE D2D OFFBOARDS-,3,0,3,0.0,153
8474565.0,OFF LPR DZ,1,1,1,1.0,153
8474565.0,DUMP IN+,1,1,1,1.0,153
8474565.0,NZONE E/W PASS+,1,1,1,1.0,153
8474565.0,2on3 CONTROLLED ENTRY AGAINST-,2,0,2,0.0,153
8474565.0,DZ OUTLET PASS OFFBOARDS-,2,0,2,0.0,153
8474565.0,DUMP OUT+,1,1,1,1.0,153
8474565.0,DZONE D2D-,1,0,1,0.0,153
8474565.0,SHOT PRESSURE,5,0,5,0.0,153
8474565.0,2on2 CONTROLLED ENTRY AGAINST+,1,1,1,1.0,153
8474565.0,BLOCK OPPOSITION SHOT+,3,3,3,1.0,153
8474565.0,1on2 CONTROLLED ENTRY AGAINST+,1,1,1,1.0,153
8474565.0,2on2 CONTROLLED ENTRY AGAINST-,1,0,1,0.0,153
8474565.0,OFF GLASS DUMP OUT-,1,0,1,0.0,153
8474565.0,CONT LPR- DZ,1,0,1,0.0,153
8474565.0,DZONE STRETCH-,1,0,1,0.0,153
8474565.0,FAILED PASS TRAJECTORY LOCATION NZ,2,0,2,0.0,153
8474565.0,EAST/WEST OFFBOARDS PASS+,1,1,1,1.0,153
8474565.0,EAST/WEST PASS+,3,3,3,1.0,153
8474565.0,OUTSIDE SHOT FOR BLOCKED,1,0,1,0.0,153
8474565.0,NZPASS north+,1,1,1,1.0,153
8474565.0,OFFSIDE CAUSED,1,0,1,0.0,153
8474565.0,NORTH CYCLE OFFBOARDS+,1,1,1,1.0,153
8474565.0,1on2 CONTROLLED ENTRY AGAINST-,1,0,1,0.0,153
8473986.0,SHOT PRESSURE,2,0,2,0.0,124
8473986.0,N-ZONE PASS RECEPTION,12,12,12,1.0,124
8473986.0,DUMP IN-,2,0,2,0.0,124
8473986.0,LPR FROM FAILED DUMP IN,1,1,1,1.0,124
8473986.0,BLOCK OPPOSITION PASS+,6,6,6,1.0,124
8473986.0,MISS PASS,1,0,1,0.0,124
8473986.0,OFF LPR OZ,3,3,3,1.0,124
8473986.0,OZDEKE-,2,0,2,0.0,124
8473986.0,CONT LPR- OZ,5,0,5,0.0,124
8473986.0,O-ZONE PASS RECEPTION,9,9,9,1.0,124
8473986.0,OZPUCKPROTECTION+,2,2,2,1.0,124
8473986.0,SOUTH CYCLE OFFBOARDS+,2,2,2,1.0,124
8473986.0,CONT LPR- DZ,1,0,1,0.0,124
8473986.0,DZ BODY CHK+,1,1,1,1.0,124
8473986.0,D-ZONE PASS RECEPTION,5,5,5,1.0,124
8473986.0,DZ OUTLET PASS OFFBOARDS-,1,0,1,0.0,124
8473986.0,FAILED PASS TRAJECTORY LOCATION DZ,3,0,3,0.0,124
8473986.0,CONTROLLED EXIT FROM DZ,2,2,2,1.0,124
8473986.0,CARRY OVER REDLINE,5,5,5,1.0,124
8473986.0,DUMP IN+,4,4,4,1.0,124
8473986.0,CONTROLLED ENTRY INTO OZ,3,3,3,1.0,124
8473986.0,OUTSIDE SHOT FOR ONNET,2,2,2,1.0,124
8473986.0,NORTH CYCLE OFFBOARDS+,4,4,4,1.0,124
8473986.0,CHIP DUMP+,2,2,2,1.0,124
8473986.0,OPPOSITION DUMP LPR,1,1,1,1.0,124
8473986.0,DZONE D2D-,1,0,1,0.0,124
8473986.0,NORTH CYCLE +,1,1,1,1.0,124
8473986.0,LPRREB+,1,1,1,1.0,124
8473986.0,DZ OUTLET PASS+,3,3,3,1.0,124
8473986.0,SC LPR OZ,1,1,1,1.0,124
8473986.0,OZDEKE+,2,2,2,1.0,124
8473986.0,SLOT SHOT FOR MISSED,1,0,1,0.0,124
8473986.0,MISS SHOT LPR OZ,1,1,1,1.0,124
8473986.0,DUMP IN LPR+,1,1,1,1.0,124
8473986.0,FLIP DUMP OUT-,1,0,1,0.0,124
8473986.0,ICING,1,0,1,0.0,124
8473986.0,LPR+ DZ,2,2,2,1.0,124
8473986.0,DZONE D2D OFFBOARDS+,2,2,2,1.0,124
8473986.0,DZ OUTLET PASS-,1,0,1,0.0,124
8473986.0,NZPASS north+,3,3,3,1.0,124
8473986.0,SOUTH CYCLE -,1,0,1,0.0,124
8473986.0,FAILED PASS TRAJECTORY LOCATION OZ,4,0,4,0.0,124
8473986.0,DEF LPR OZ,1,1,1,1.0,124
8473986.0,OZPASS TO SLOT-,2,0,2,0.0,124
8473986.0,F/OFF LPR OZ,1,1,1,1.0,124
8473986.0,NORTH CYCLE OFFBOARDS-,1,0,1,0.0,124
8473986.0,SLOT SHOT FOR BLOCKED,1,0,1,0.0,124
8473986.0,SOUTH CYCLE +,2,2,2,1.0,124
8473986.0,LPR- OZ,1,0,1,0.0,124
8473986.0,DZ FACE OFF-,1,0,1,0.0,124
8473986.0,DEF LPR DZ,1,1,1,1.0,124
8473986.0,NZONE E/W PASS+,1,1,1,1.0,124
8473986.0,OZ REC FACE OFF+,1,1,1,1.0,124
8473986.0,CONT F/OFF LPR OZ,1,1,1,1.0,124
8473986.0,OUTSIDE SHOT FOR MISSED,1,0,1,0.0,124
8473986.0,HOOKING PENALTY DZ,1,1,1,1.0,124
8482745.0,LPRREB+,2,2,2,1.0,102
8482745.0,DUMP OUT-,1,0,1,0.0,102
8482745.0,D-ZONE PASS RECEPTION,3,3,3,1.0,102
8482745.0,DZ OUTLET PASS OFFBOARDS+,1,1,1,1.0,102
8482745.0,N-ZONE PASS RECEPTION,3,3,3,1.0,102
8482745.0,CONTROLLED ENTRY INTO OZ,2,2,2,1.0,102
8482745.0,OZPASS OFF THE RUSH+,1,1,1,1.0,102
8482745.0,MISS PASS,1,0,1,0.0,102
8482745.0,LPR- OZ,1,0,1,0.0,102
8482745.0,OFF LPR OZ,4,4,4,1.0,102
8482745.0,SOUTH CYCLE +,4,4,4,1.0,102
8482745.0,O-ZONE PASS RECEPTION,7,7,7,1.0,102
8482745.0,OZDEKE-,3,0,3,0.0,102
8482745.0,CONT LPR- OZ,3,0,3,0.0,102
8482745.0,HI PRESS DUMP IN LPR+,1,1,1,1.0,102
8482745.0,DZONE D2D+,4,4,4,1.0,102
8482745.0,OZPASS TO SLOT-,2,0,2,0.0,102
8482745.0,FAILED PASS TRAJECTORY LOCATION OZ,5,0,5,0.0,102
8482745.0,BLOCK OPPOSITION PASS+,3,3,3,1.0,102
8482745.0,DZ REC FACE OFF+EXIT,1,1,1,1.0,102
8482745.0,F/OFF LPR+ DZ,1,1,1,1.0,102
8482745.0,REB LPR OZ+,1,1,1,1.0,102
8482745.0,SOUTH CYCLE OFFBOARDS+,3,3,3,1.0,102
8482745.0,OFF LPR DZ,1,1,1,1.0,102
8482745.0,NZPASS south+,3,3,3,1.0,102
8482745.0,DUMP IN-,3,0,3,0.0,102
8482745.0,OFF LPR NZ,1,1,1,1.0,102
8482745.0,SHOT PRESSURE,2,0,2,0.0,102
8482745.0,BLOCK OPPOSITION SHOT+,1,1,1,1.0,102
8482745.0,NZ REC FACE OFF+ENTRY,1,1,1,1.0,102
8482745.0,F/OFF LPR+ NZ,1,1,1,1.0,102
8482745.0,LPR FROM SC DZ,1,1,1,1.0,102
8482745.0,DZONE D2D OFFBOARDS+,1,1,1,1.0,102
8482745.0,CONTROLLED EXIT FROM DZ,2,2,2,1.0,102
8482745.0,CARRY OVER REDLINE,1,1,1,1.0,102
8482745.0,DEF LPR OZ,2,2,2,1.0,102
8482745.0,OZDEKE+,3,3,3,1.0,102
8482745.0,OZ REC FACE OFF+,1,1,1,1.0,102
8482745.0,F/OFF LPR OZ,2,2,2,1.0,102
8482745.0,DUMPIN AGAINST,1,0,1,0.0,102
8482745.0,DZ OUTLET PASS+,2,2,2,1.0,102
8482745.0,2ND ASSIST,1,1,1,1.0,102
8482745.0,OZ FACE OFF-,1,0,1,0.0,102
8482745.0,DZ REC FACE OFF+,1,1,1,1.0,102
8482745.0,LPR+ NZ,1,1,1,1.0,102
8482745.0,NZDEKE-,1,0,1,0.0,102
8482745.0,NORTH CYCLE OFFBOARDS+,1,1,1,1.0,102
8482745.0,OPPOSITION DUMP LPR,1,1,1,1.0,102
8482745.0,DEF LPR DZ,1,1,1,1.0,102
8482745.0,OZPASS TO SLOT+,1,1,1,1.0,102
8482745.0,SOUTH CYCLE OFFBOARDS-,1,0,1,0.0,102
8482745.0,EAST/WEST PASS-,1,0,1,0.0,102
8482745.0,CONT DI LPR OZ,1,1,1,1.0,102
8482745.0,SLOT SHOT FOR ONNET,1,1,1,1.0,102
8482745.0,OZ FACE OFF+,1,1,1,1.0,102
8482745.0,NORTH CYCLE OFFBOARDS-,1,0,1,0.0,102
8482745.0,DUMP IN LPR+,1,1,1,1.0,102
8478396.0,BLUE HOLD+,2,2,2,1.0,142
8478396.0,DEF LPR OZ,2,2,2,1.0,142
8478396.0,OZPASS TO SLOT-,1,0,1,0.0,142
8478396.0,FAILED PASS TRAJECTORY LOCATION OZ,1,0,1,0.0,142
8478396.0,BLOCK OPPOSITION PASS+,4,4,4,1.0,142
8478396.0,CONT LPR- NZ,1,0,1,0.0,142
8478396.0,D-ZONE PASS RECEPTION,12,12,12,1.0,142
8478396.0,DZONE D2D+,3,3,3,1.0,142
8478396.0,LPR+ DZ,3,3,3,1.0,142
8478396.0,DZDEKE-,1,0,1,0.0,142
8478396.0,CONTROLLED BREAKOUT,2,0,2,0.0,142
8478396.0,DZ OUTLET PASS+,6,6,6,1.0,142
8478396.0,O-ZONE PASS RECEPTION,8,8,8,1.0,142
8478396.0,NORTH CYCLE OFFBOARDS+,2,2,2,1.0,142
8478396.0,2on2 CONTROLLED ENTRY AGAINST-,1,0,1,0.0,142
8478396.0,DZONE D2D OFFBOARDS+,5,5,5,1.0,142
8478396.0,DUMPIN AGAINST,5,0,5,0.0,142
8478396.0,HI PRESS DUMP IN LPR+,5,5,5,1.0,142
8478396.0,DZONE D2D OFFBOARDS-,1,0,1,0.0,142
8478396.0,FAILED PASS TRAJECTORY LOCATION DZ,5,0,5,0.0,142
8478396.0,SLOT SHOT FOR ONNET,2,2,2,1.0,142
8478396.0,DZ OUTLET PASS-,2,0,2,0.0,142
8478396.0,NORTH CYCLE +,2,2,2,1.0,142
8478396.0,DEF LPR DZ,1,1,1,1.0,142
8478396.0,DZ OUTLET PASS OFFBOARDS+,5,5,5,1.0,142
8478396.0,EAST/WEST PASS+,4,4,4,1.0,142
8478396.0,LPR+ OZ,1,1,1,1.0,142
8478396.0,OUTSIDE SHOT FOR BLOCKED,2,0,2,0.0,142
8478396.0,OFF LPR OZ,2,2,2,1.0,142
8478396.0,DZ OUTLET PASS OFFBOARDS-,3,0,3,0.0,142
8478396.0,CONT HI PRESS DUMP IN LPR -,3,0,3,0.0,142
8478396.0,DZDEKE+,1,1,1,1.0,142
8478396.0,3on3 CONTROLLED ENTRY AGAINST+,1,1,1,1.0,142
8478396.0,DZ STICK CHK+,1,1,1,1.0,142
8478396.0,1on2 CONTROLLED ENTRY AGAINST-,1,0,1,0.0,142
8478396.0,CONT LPR- DZ,1,0,1,0.0,142
8478396.0,LPR FROM SC DZ,1,1,1,1.0,142
8478396.0,OFF GLASS DUMP OUT+,1,1,1,1.0,142
8478396.0,F/OFF LPR OZ,3,3,3,1.0,142
8478396.0,OZPASS TO SLOT+,2,2,2,1.0,142
8478396.0,N-ZONE PASS RECEPTION,4,4,4,1.0,142
8478396.0,DZPUCKPROTECTION+,1,1,1,1.0,142
8478396.0,DUMP IN LPR+,4,4,4,1.0,142
8478396.0,SHOT PRESSURE,3,0,3,0.0,142
8478396.0,CONT LPR+ DZ,1,1,1,1.0,142
8478396.0,CONTROLLED ENTRY INTO OZ,1,1,1,1.0,142
8478396.0,BLOCK OPPOSITION SHOT+,1,1,1,1.0,142
8478396.0,OZ ENTRY PASS+,1,1,1,1.0,142
8478396.0,DEF LPR NZ,1,1,1,1.0,142
8478396.0,NZPASS north+,3,3,3,1.0,142
8478396.0,OPPOSITION DUMP LPR,2,2,2,1.0,142
8478396.0,DUMP IN+,1,1,1,1.0,142
8478396.0,2on3 CONTROLLED ENTRY AGAINST-,1,0,1,0.0,142
8478396.0,CONTROLLED EXIT FROM DZ,2,2,2,1.0,142
8478396.0,DUMP IN-,1,0,1,0.0,142
8478396.0,LPR+ NZ,1,1,1,1.0,142
8478396.0,OUTSIDE SHOT FOR ONNET,1,1,1,1.0,142
8478396.0,NZPASS north-,1,0,1,0.0,142
8478396.0,FAILED PASS TRAJECTORY LOCATION NZ,1,0,1,0.0,142
8478396.0,1on1 CONTROLLED ENTRY AGAINST-,1,0,1,0.0,142
8478396.0,3on2 CONTROLLED ENTRY AGAINST-,1,0,1,0.0,142
8478109.0,HI PRESS DUMP IN LPR+,1,1,1,1.0,116
8478109.0,DZONE D2D+,4,4,4,1.0,116
8478109.0,N-ZONE PASS RECEPTION,6,6,6,1.0,116
8478109.0,NZPASS north-,1,0,1,0.0,116
8478109.0,FAILED PASS TRAJECTORY LOCATION NZ,1,0,1,0.0,116
8478109.0,OFF LPR OZ,2,2,2,1.0,116
8478109.0,OZPUCKPROTECTION-,2,0,2,0.0,116
8478109.0,O-ZONE PASS RECEPTION,12,12,12,1.0,116
8478109.0,SOUTH CYCLE -,1,0,1,0.0,116
8478109.0,FAILED PASS TRAJECTORY LOCATION OZ,5,0,5,0.0,116
8478109.0,SOUTH CYCLE +,3,3,3,1.0,116
8478109.0,MISS SHOT LPR OZ,2,2,2,1.0,116
8478109.0,NORTH CYCLE OFFBOARDS-,1,0,1,0.0,116
8478109.0,D-ZONE PASS RECEPTION,8,8,8,1.0,116
8478109.0,DZ OUTLET PASS OFFBOARDS+,1,1,1,1.0,116
8478109.0,2on3 CONTROLLED ENTRY AGAINST-,1,0,1,0.0,116
8478109.0,CONTROLLED EXIT FROM DZ,2,2,2,1.0,116
8478109.0,CARRY OVER REDLINE,3,3,3,1.0,116
8478109.0,DUMP IN+,2,2,2,1.0,116
8478109.0,BLOCK OPPOSITION PASS+,2,2,2,1.0,116
8478109.0,DEF LPR OZ,2,2,2,1.0,116
8478109.0,OUTSIDE SHOT FOR ONNET,1,1,1,1.0,116
8478109.0,DEF LPR DZ,1,1,1,1.0,116
8478109.0,DZ OUTLET PASS+,1,1,1,1.0,116
8478109.0,OZDEKE+,3,3,3,1.0,116
8478109.0,1ST ASSIST,2,2,2,1.0,116
8478109.0,SLOT SHOT FOR ONNET,3,3,3,1.0,116
8478109.0,OZPASS OFF THE RUSH-,1,0,1,0.0,116
8478109.0,OUTSIDE SHOT FOR MISSED,1,0,1,0.0,116
8478109.0,NORTH CYCLE OFFBOARDS+,3,3,3,1.0,116
8478109.0,NZONE E/W PASS+,2,2,2,1.0,116
8478109.0,CONT LPR- OZ,3,0,3,0.0,116
8478109.0,LPR+ OZ,2,2,2,1.0,116
8478109.0,OZDEKE-,2,0,2,0.0,116
8478109.0,DUMP IN-,1,0,1,0.0,116
8478109.0,LPR FROM FAILED DUMP IN,1,1,1,1.0,116
8478109.0,NZPASS south+,1,1,1,1.0,116
8478109.0,LPR+ NZ,1,1,1,1.0,116
8478109.0,OFF LPR DZ,1,1,1,1.0,116
8478109.0,DZONE D2D OFFBOARDS+,2,2,2,1.0,116
8478109.0,BLUE HOLD+,1,1,1,1.0,116
8478109.0,OZPASS TO SLOT-,1,0,1,0.0,116
8478109.0,CONTROLLED ENTRY INTO OZ,2,2,2,1.0,116
8478109.0,CONT MISS SHOT LPR OZ,1,1,1,1.0,116
8478109.0,OZPUCKPROTECTION+,2,2,2,1.0,116
8478109.0,SLOT SHOT FOR MISSED,1,0,1,0.0,116
8478109.0,DZONE D2D-,1,0,1,0.0,116
8478109.0,FAILED PASS TRAJECTORY LOCATION DZ,2,0,2,0.0,116
8478109.0,OFF GLASS DUMP OUT+,1,1,1,1.0,116
8478109.0,OUTSIDE SHOT FOR BLOCKED,1,0,1,0.0,116
8478109.0,DZ OUTLET PASS-,1,0,1,0.0,116
8478109.0,CONT LPRREB+,1,1,1,1.0,116
8478109.0,DUMP OUT+,1,1,1,1.0,116
8478109.0,NORTH CYCLE -,1,0,1,0.0,116
8478109.0,NZ BODY CHK+,1,1,1,1.0,116
8478109.0,CONT LPR- NZ,1,0,1,0.0,116
8478109.0,LPR+ DZ,1,1,1,1.0,116
8478109.0,SLOT SHOT FOR BLOCKED,1,0,1,0.0,116
8478109.0,CONT LPR- DZ,1,0,1,0.0,116
8475764.0,NO PRESSURE LPR+,2,2,2,1.0,128
8475764.0,DZONE D2D OFFBOARDS+,3,3,3,1.0,128
8475764.0,1on2 CONTROLLED ENTRY AGAINST+,2,2,2,1.0,128
8475764.0,OPPOSITION DUMP LPR,9,9,9,1.0,128
8475764.0,DUMP IN+,3,3,3,1.0,128
8475764.0,DZ OUTLET PASS+,9,9,9,1.0,128
8475764.0,O-ZONE PASS RECEPTION,4,4,4,1.0,128
8475764.0,EAST/WEST PASS+,2,2,2,1.0,128
8475764.0,CONT LPR- DZ,3,0,3,0.0,128
8475764.0,NZPASS north OFFBOARDS-,2,0,2,0.0,128
8475764.0,FAILED PASS TRAJECTORY LOCATION NZ,3,0,3,0.0,128
8475764.0,DUMPIN AGAINST,3,0,3,0.0,128
8475764.0,D-ZONE PASS RECEPTION,13,13,13,1.0,128
8475764.0,NZPASS south+,1,1,1,1.0,128
8475764.0,DZONE STRETCH+,2,2,2,1.0,128
8475764.0,SHOT PRESSURE,8,0,8,0.0,128
8475764.0,DEF LPR DZ,2,2,2,1.0,128
8475764.0,BLOCK OPPOSITION PASS-,1,0,1,0.0,128
8475764.0,DZONE D2D+,4,4,4,1.0,128
8475764.0,DUMP IN LPR+,1,1,1,1.0,128
8475764.0,DZONE STRETCH OFFBOARDS+,1,1,1,1.0,128
8475764.0,CONTROLLED EXIT FROM DZ,2,2,2,1.0,128
8475764.0,CARRY OVER REDLINE,3,3,3,1.0,128
8475764.0,CONTROLLED ENTRY INTO OZ,1,1,1,1.0,128
8475764.0,OZPASS OFF THE RUSH-,1,0,1,0.0,128
8475764.0,FAILED PASS TRAJECTORY LOCATION OZ,1,0,1,0.0,128
8475764.0,N-ZONE PASS RECEPTION,1,1,1,1.0,128
8475764.0,BLUE HOLD+,1,1,1,1.0,128
8475764.0,DEF LPR OZ,1,1,1,1.0,128
8475764.0,NORTH CYCLE OFFBOARDS+,1,1,1,1.0,128
8475764.0,LPR+ OZ,1,1,1,1.0,128
8475764.0,OUTSIDE SHOT FOR BLOCKED,2,0,2,0.0,128
8475764.0,LPR- DZ,1,0,1,0.0,128
8475764.0,LPR FROM SC DZ,2,2,2,1.0,128
8475764.0,BLOCK OPPOSITION PASS+,1,1,1,1.0,128
8475764.0,DZ OUTLET PASS OFFBOARDS+,3,3,3,1.0,128
8475764.0,2on2 CONTROLLED ENTRY AGAINST-,1,0,1,0.0,128
8475764.0,3on3 CONTROLLED ENTRY AGAINST-,2,0,2,0.0,128
8475764.0,BLOCK OPPOSITION SHOT+,1,1,1,1.0,128
8475764.0,DZONE D2D-,1,0,1,0.0,128
8475764.0,FAILED PASS TRAJECTORY LOCATION DZ,3,0,3,0.0,128
8475764.0,1on1 CONTROLLED ENTRY AGAINST+,1,1,1,1.0,128
8475764.0,DZ BODY CHK+,1,1,1,1.0,128
8475764.0,CONT LPR FROM BC DZ,1,1,1,1.0,128
8475764.0,DZONE D2D OFFBOARDS-,1,0,1,0.0,128
8475764.0,LPR+ DZ,2,2,2,1.0,128
8475764.0,2on1 CONTROLLED ENTRY AGAINST-,1,0,1,0.0,128
8475764.0,DZ OUTLET PASS OFFBOARDS-,2,0,2,0.0,128
8475764.0,DZDEKE+,2,2,2,1.0,128
8475764.0,DZPUCKPROTECTION-,1,0,1,0.0,128
8475764.0,SLOT SHOT FOR BLOCKED,1,0,1,0.0,128
8475764.0,CONTROLLED BREAKOUT,3,0,3,0.0,128
8475764.0,OFF LPR NZ,1,1,1,1.0,128
8475764.0,CONT LPR- NZ,1,0,1,0.0,128
8475764.0,CONT LPR+ DZ,1,1,1,1.0,128
8475764.0,DZDEKE-,1,0,1,0.0,128
8475462.0,D-ZONE PASS RECEPTION,19,19,19,1.0,137
8475462.0,DZ OUTLET PASS OFFBOARDS-,3,0,3,0.0,137
8475462.0,BLOCK OPPOSITION PASS+,3,3,3,1.0,137
8475462.0,FLIP DUMP OUT+,1,1,1,1.0,137
8475462.0,DEF LPR DZ,2,2,2,1.0,137
8475462.0,FAILED PASS TRAJECTORY LOCATION DZ,4,0,4,0.0,137
8475462.0,DZONE STRETCH+,3,3,3,1.0,137
8475462.0,O-ZONE PASS RECEPTION,8,8,8,1.0,137
8475462.0,OUTSIDE SHOT FOR BLOCKED,6,0,6,0.0,137
8475462.0,F/OFF LPR+ DZ,2,2,2,1.0,137
8475462.0,DZ OUTLET PASS+,9,9,9,1.0,137
8475462.0,NORTH CYCLE OFFBOARDS-,2,0,2,0.0,137
8475462.0,FAILED PASS TRAJECTORY LOCATION OZ,3,0,3,0.0,137
8475462.0,DUMPIN AGAINST,2,0,2,0.0,137
8475462.0,CONT DEF LPR DZ,1,1,1,1.0,137
8475462.0,DZ OUTLET PASS-,1,0,1,0.0,137
8475462.0,SHOT PRESSURE,8,0,8,0.0,137
8475462.0,HI PRESS DUMP IN LPR+,1,1,1,1.0,137
8475462.0,DZ OUTLET PASS OFFBOARDS+,3,3,3,1.0,137
8475462.0,DZONE D2D+,4,4,4,1.0,137
8475462.0,CONT HI PRESS DUMP IN LPR -,3,0,3,0.0,137
8475462.0,CONT LPRREB-,2,0,2,0.0,137
8475462.0,1on2 CONTROLLED ENTRY AGAINST-,1,0,1,0.0,137
8475462.0,BLOCK OPPOSITION PASS-,2,0,2,0.0,137
8475462.0,DZONE STRETCH OFFBOARDS+,2,2,2,1.0,137
8475462.0,MISS PASS,1,0,1,0.0,137
8475462.0,OFF LPR NZ,1,1,1,1.0,137
8475462.0,DZPUCKPROTECTION-,1,0,1,0.0,137
8475462.0,CONT LPR- DZ,1,0,1,0.0,137
8475462.0,OFF LPR OZ,1,1,1,1.0,137
8475462.0,3on3 CONTROLLED ENTRY AGAINST-,2,0,2,0.0,137
8475462.0,N-ZONE PASS RECEPTION,2,2,2,1.0,137
8475462.0,NZPASS south+,1,1,1,1.0,137
8475462.0,2on2 CONTROLLED ENTRY AGAINST-,1,0,1,0.0,137
8475462.0,LPRREB+,3,3,3,1.0,137
8475462.0,CONT HI PRESS DUMP IN LPR+,1,1,1,1.0,137
8475462.0,NZ STICK CHK+,1,1,1,1.0,137
8475462.0,LPR FROM SC NZ,1,1,1,1.0,137
8475462.0,DZONE D2D OFFBOARDS-,1,0,1,0.0,137
8475462.0,NZONE E/W PASS+,2,2,2,1.0,137
8475462.0,OPPOSITION DUMP LPR,1,1,1,1.0,137
8475462.0,F/OFF LPR OZ,2,2,2,1.0,137
8475462.0,OZPASS TO SLOT-,1,0,1,0.0,137
8475462.0,BLOCK OPPOSITION SHOT-,2,0,2,0.0,137
8475462.0,DUMP IN LPR+,2,2,2,1.0,137
8475462.0,OFF GLASS DUMP OUT-,1,0,1,0.0,137
8475462.0,BLOCK OPPOSITION SHOT+,1,1,1,1.0,137
8475462.0,EAST/WEST PASS+,1,1,1,1.0,137
8475462.0,DZDEKE-,2,0,2,0.0,137
8475462.0,DZONE D2D OFFBOARDS+,1,1,1,1.0,137
8475462.0,CONTROLLED BREAKOUT,1,0,1,0.0,137
8475462.0,OZPASS TO SLOT+,1,1,1,1.0,137
8475462.0,NO PRESSURE LPR+,1,1,1,1.0,137
8475462.0,CONTROLLED EXIT FROM DZ,1,1,1,1.0,137
8475462.0,NZPASS north-,1,0,1,0.0,137
8475462.0,FAILED PASS TRAJECTORY LOCATION NZ,1,0,1,0.0,137
8475462.0,1on1 CONTROLLED ENTRY AGAINST+,1,1,1,1.0,137
8475462.0,DUMP OUT-,1,0,1,0.0,137
8476448.0,OPPOSITION DUMP LPR,1,1,1,1.0,110
8476448.0,NZPASS south+,2,2,2,1.0,110
8476448.0,BLOCK OPPOSITION PASS+,8,8,8,1.0,110
8476448.0,D-ZONE PASS RECEPTION,6,6,6,1.0,110
8476448.0,DZ OUTLET PASS+,5,5,5,1.0,110
8476448.0,CONT LPR- OZ,11,0,11,0.0,110
8476448.0,O-ZONE PASS RECEPTION,9,9,9,1.0,110
8476448.0,NORTH CYCLE +,2,2,2,1.0,110
8476448.0,OUTSIDE SHOT FOR BLOCKED,1,0,1,0.0,110
8476448.0,SOUTH CYCLE -,2,0,2,0.0,110
8476448.0,FAILED PASS TRAJECTORY LOCATION OZ,4,0,4,0.0,110
8476448.0,N-ZONE PASS RECEPTION,3,3,3,1.0,110
8476448.0,DZONE D2D+,1,1,1,1.0,110
8476448.0,CONTROLLED EXIT FROM DZ,3,3,3,1.0,110
8476448.0,CARRY OVER REDLINE,3,3,3,1.0,110
8476448.0,OZ ENTRY PASS+,1,1,1,1.0,110
8476448.0,SHOT PRESSURE,1,0,1,0.0,110
8476448.0,DUMP IN+,2,2,2,1.0,110
8476448.0,SOUTH CYCLE +,5,5,5,1.0,110
8476448.0,OFF GLASS DUMP OUT+,1,1,1,1.0,110
8476448.0,REB LPR OZ+,3,3,3,1.0,110
8476448.0,SLOT SHOT FOR ONNET,3,3,3,1.0,110
8476448.0,GOAL,1,1,1,1.0,110
8476448.0,DZ FACE OFF-,5,0,5,0.0,110
8476448.0,DEF LPR DZ,2,2,2,1.0,110
8476448.0,CONTROLLED ENTRY INTO OZ,1,1,1,1.0,110
8476448.0,OZPASS OFF THE RUSH+,1,1,1,1.0,110
8476448.0,OZ REC FACE OFF+,1,1,1,1.0,110
8476448.0,F/OFF LPR OZ,1,1,1,1.0,110
8476448.0,OZPASS TO SLOT-,2,0,2,0.0,110
8476448.0,OZ REC FACE OFF+SON+SFS,1,1,1,1.0,110
8476448.0,NZ FACE OFF-,2,0,2,0.0,110
8476448.0,OZ FACE OFF+,1,1,1,1.0,110
8476448.0,CONT F/OFF LPR OZ,1,1,1,1.0,110
8476448.0,DZ STICK CHK+,1,1,1,1.0,110
8476448.0,CONT LPR- DZ,2,0,2,0.0,110
8476448.0,LPR+ DZ,1,1,1,1.0,110
8476448.0,O-ZONE ENTRY PASS RECEPTION,1,1,1,1.0,110
8476448.0,OFF LPR DZ,1,1,1,1.0,110
8476448.0,OZ FACE OFF-,2,0,2,0.0,110
8476448.0,DZ OUTLET PASS-,1,0,1,0.0,110
8476448.0,FAILED PASS TRAJECTORY LOCATION NZ,1,0,1,0.0,110
8476448.0,CONT DEF LPR DZ,1,1,1,1.0,110
8476448.0,DZ OUTLET PASS OFFBOARDS+,1,1,1,1.0,110
8476448.0,CONT LPR+ NZ,1,1,1,1.0,110
8476448.0,NZPASS north+,1,1,1,1.0,110
8479353.0,N-ZONE PASS RECEPTION,6,6,6,1.0,89
8479353.0,CARRY OVER REDLINE,4,4,4,1.0,89
8479353.0,NZDEKE-,2,0,2,0.0,89
8479353.0,CONTROLLED ENTRY INTO OZ,3,3,3,1.0,89
8479353.0,OZDEKE+,2,2,2,1.0,89
8479353.0,NORTH CYCLE OFFBOARDS-,1,0,1,0.0,89
8479353.0,FAILED PASS TRAJECTORY LOCATION OZ,3,0,3,0.0,89
8479353.0,OFF LPR OZ,2,2,2,1.0,89
8479353.0,OZPUCKPROTECTION+,2,2,2,1.0,89
8479353.0,NORTH CYCLE OFFBOARDS+,2,2,2,1.0,89
8479353.0,O-ZONE PASS RECEPTION,2,2,2,1.0,89
8479353.0,OZPUCKPROTECTION-,1,0,1,0.0,89
8479353.0,BLOCK OPPOSITION PASS+,3,3,3,1.0,89
8479353.0,O-ZONE ENTRY PASS RECEPTION,2,2,2,1.0,89
8479353.0,OZPASS OFF THE RUSH+,2,2,2,1.0,89
8479353.0,SHOT PRESSURE,6,0,6,0.0,89
8479353.0,BLOCK OPPOSITION SHOT+,4,4,4,1.0,89
8479353.0,DEF LPR OZ,2,2,2,1.0,89
8479353.0,EAST/WEST PASS-,1,0,1,0.0,89
8479353.0,OZ FACE OFF-,1,0,1,0.0,89
8479353.0,CONT LPR- NZ,1,0,1,0.0,89
8479353.0,D-ZONE PASS RECEPTION,4,4,4,1.0,89
8479353.0,DZ OUTLET PASS-,1,0,1,0.0,89
8479353.0,FAILED PASS TRAJECTORY LOCATION NZ,3,0,3,0.0,89
8479353.0,DUMP IN-,1,0,1,0.0,89
8479353.0,DEF LPR DZ,4,4,4,1.0,89
8479353.0,DZONE STRETCH OFFBOARDS-,1,0,1,0.0,89
8479353.0,ICING,1,0,1,0.0,89
8479353.0,MISS PASS,1,0,1,0.0,89
8479353.0,DZ OUTLET PASS+,2,2,2,1.0,89
8479353.0,OZPASS TO SLOT-,1,0,1,0.0,89
8479353.0,DZ REC FACE OFF+EXIT,1,1,1,1.0,89
8479353.0,LPR+ DZ,1,1,1,1.0,89
8479353.0,DZONE D2D OFFBOARDS+,1,1,1,1.0,89
8479353.0,DUMP OUT+,2,2,2,1.0,89
8479353.0,OUTSIDE SHOT FOR ONNET,1,1,1,1.0,89
8479353.0,NZPASS north-,1,0,1,0.0,89
8479353.0,LPR+ NZ,1,1,1,1.0,89
8479353.0,NZPASS south+,1,1,1,1.0,89
8479353.0,CONTROLLED EXIT FROM DZ,1,1,1,1.0,89
8479353.0,PREVENT RECEPTION DZ,1,1,1,1.0,89
8479353.0,CONT HI PRESS DUMP IN LPR -,1,0,1,0.0,89
8479353.0,OZDEKE-,2,0,2,0.0,89
8479353.0,SOUTH CYCLE +,1,1,1,1.0,89
8479353.0,MISS SHOT LPR OZ,1,1,1,1.0,89
8479353.0,HOOKING PENALTY DRAWN OZ,1,1,1,1.0,89
8479353.0,NORTH CYCLE +,1,1,1,1.0,89
8481517.0,DEF LPR DZ,2,2,2,1.0,84
8481517.0,CONTROLLED EXIT FROM DZ,6,6,6,1.0,84
8481517.0,DUMP IN-,2,0,2,0.0,84
8481517.0,ICING,1,0,1,0.0,84
8481517.0,DUMPIN AGAINST,1,0,1,0.0,84
8481517.0,D-ZONE PASS RECEPTION,5,5,5,1.0,84
8481517.0,CARRY OVER REDLINE,4,4,4,1.0,84
8481517.0,NZPASS north+,1,1,1,1.0,84
8481517.0,DZONE STRETCH+,1,1,1,1.0,84
8481517.0,OFF LPR OZ,3,3,3,1.0,84
8481517.0,NORTH CYCLE OFFBOARDS+,1,1,1,1.0,84
8481517.0,BLOCK OPPOSITION PASS+,2,2,2,1.0,84
8481517.0,OZDEKE-,2,0,2,0.0,84
8481517.0,DZ STICK CHK+,1,1,1,1.0,84
8481517.0,LPR FROM SC DZ,1,1,1,1.0,84
8481517.0,DUMP OUT+,2,2,2,1.0,84
8481517.0,DEFENSIVE DUMP LPR,1,1,1,1.0,84
8481517.0,DZPUCKPROTECTION-,1,0,1,0.0,84
8481517.0,BLOCK OPPOSITION PASS-,1,0,1,0.0,84
8481517.0,N-ZONE PASS RECEPTION,3,3,3,1.0,84
8481517.0,DUMP IN+,2,2,2,1.0,84
8481517.0,OPPOSITION DUMP LPR,1,1,1,1.0,84
8481517.0,NZPASS south-,1,0,1,0.0,84
8481517.0,CONT LPR- NZ,2,0,2,0.0,84
8481517.0,O-ZONE PASS RECEPTION,5,5,5,1.0,84
8481517.0,OZDEKE+,2,2,2,1.0,84
8481517.0,OZPASS TO SLOT+,1,1,1,1.0,84
8481517.0,NO PRESSURE LPR+,1,1,1,1.0,84
8481517.0,OZPUCKPROTECTION-,1,0,1,0.0,84
8481517.0,OUTSIDE SHOT FOR ONNET,2,2,2,1.0,84
8481517.0,LPR+ DZ,2,2,2,1.0,84
8481517.0,NZPASS north-,1,0,1,0.0,84
8481517.0,FAILED PASS TRAJECTORY LOCATION NZ,1,0,1,0.0,84
8481517.0,OZ REC FACE OFF+,1,1,1,1.0,84
8481517.0,SHOT PRESSURE,2,0,2,0.0,84
8481517.0,NORTH CYCLE +,1,1,1,1.0,84
8481517.0,SLOT SHOT FOR MISSED,2,0,2,0.0,84
8481517.0,NORTH CYCLE -,1,0,1,0.0,84
8481517.0,FAILED PASS TRAJECTORY LOCATION OZ,1,0,1,0.0,84
8481517.0,CONTROLLED ENTRY INTO OZ,2,2,2,1.0,84
8481517.0,OZPASS OFF THE RUSH+,1,1,1,1.0,84
8481517.0,SOUTH CYCLE OFFBOARDS+,1,1,1,1.0,84
8481517.0,DEF LPR OZ,1,1,1,1.0,84
8481517.0,NZDEKE-,1,0,1,0.0,84
8481517.0,CONT OFF LPR NZ,1,1,1,1.0,84
8481517.0,NZPASS south+,1,1,1,1.0,84
8481517.0,DZ FACE OFF-,1,0,1,0.0,84
8481517.0,F/OFF LPR+ DZ,1,1,1,1.0,84
8481517.0,SOUTH CYCLE +,2,2,2,1.0,84
8481517.0,CONT OFF LPR OZ,1,1,1,1.0,84
8480806.0,DZ REC FACE OFF+EXIT,4,4,4,1.0,104
8480806.0,CONT F/OFF LPR+ DZ,1,1,1,1.0,104
8480806.0,DZONE D2D+,2,2,2,1.0,104
8480806.0,HI PRESS DUMP IN LPR+,1,1,1,1.0,104
8480806.0,DZONE D2D OFFBOARDS-,1,0,1,0.0,104
8480806.0,FAILED PASS TRAJECTORY LOCATION DZ,1,0,1,0.0,104
8480806.0,LPR+ DZ,2,2,2,1.0,104
8480806.0,DZPUCKPROTECTION-,1,0,1,0.0,104
8480806.0,SHOT PRESSURE,2,0,2,0.0,104
8480806.0,BLOCK OPPOSITION SHOT+,1,1,1,1.0,104
8480806.0,N-ZONE PASS RECEPTION,3,3,3,1.0,104
8480806.0,CARRY OVER REDLINE,3,3,3,1.0,104
8480806.0,CONTROLLED ENTRY INTO OZ,2,2,2,1.0,104
8480806.0,OZDEKE-,2,0,2,0.0,104
8480806.0,SLOT SHOT FOR ONNET,1,1,1,1.0,104
8480806.0,DZ FACE OFF-,3,0,3,0.0,104
8480806.0,CONT OFF LPR DZ,1,1,1,1.0,104
8480806.0,DZONE D2D OFFBOARDS+,1,1,1,1.0,104
8480806.0,LPR- DZ,1,0,1,0.0,104
8480806.0,NZ REC FACE OFF+ENTRY,3,3,3,1.0,104
8480806.0,F/OFF LPR+ NZ,3,3,3,1.0,104
8480806.0,NZPASS south+,2,2,2,1.0,104
8480806.0,CONT LPR- DZ,3,0,3,0.0,104
8480806.0,DEF LPR OZ,2,2,2,1.0,104
8480806.0,DUMP IN+,3,3,3,1.0,104
8480806.0,DEFENSIVE DUMP LPR,1,1,1,1.0,104
8480806.0,OZPASS OFF THE RUSH+,1,1,1,1.0,104
8480806.0,BLOCK OPPOSITION PASS-,1,0,1,0.0,104
8480806.0,CONT LPR- OZ,3,0,3,0.0,104
8480806.0,CHIP DUMP+,1,1,1,1.0,104
8480806.0,CONTROLLED EXIT FROM DZ,1,1,1,1.0,104
8480806.0,NZPUCKPROTECTION+,1,1,1,1.0,104
8480806.0,DUMPIN AGAINST,1,0,1,0.0,104
8480806.0,DZ REC FACE OFF+,1,1,1,1.0,104
8480806.0,DZ BODY CHK+,1,1,1,1.0,104
8480806.0,DEF LPR DZ,1,1,1,1.0,104
8480806.0,OFF GLASS DUMP OUT-,1,0,1,0.0,104
8480806.0,LPR FROM SC DZ,1,1,1,1.0,104
8480806.0,DZ OUTLET PASS OFFBOARDS+,1,1,1,1.0,104
8480806.0,BLOCK OPPOSITION PASS+,2,2,2,1.0,104
8480806.0,SOUTH CYCLE OFFBOARDS-,1,0,1,0.0,104
8480806.0,FAILED PASS TRAJECTORY LOCATION OZ,4,0,4,0.0,104
8480806.0,NZ STICK CHK+,1,1,1,1.0,104
8480806.0,HOOKING PENALTY DRAWN NZ,1,1,1,1.0,104
8480806.0,LPR FROM SC NZ,1,1,1,1.0,104
8480806.0,NZDEKE-,1,0,1,0.0,104
8480806.0,CONT LPR- NZ,2,0,2,0.0,104
8480806.0,OZ REC FACE OFF+SON,1,1,1,1.0,104
8480806.0,F/OFF LPR OZ,1,1,1,1.0,104
8480806.0,NORTH CYCLE +,1,1,1,1.0,104
8480806.0,REB LPR OZ+,1,1,1,1.0,104
8480806.0,OZPASS TO SLOT-,1,0,1,0.0,104
8480806.0,MISS SHOT LPR OZ,1,1,1,1.0,104
8480806.0,SLOT SHOT FOR BLOCKED,1,0,1,0.0,104
8480806.0,OZ FACE OFF-,1,0,1,0.0,104
8480806.0,NZ FACE OFF-,1,0,1,0.0,104
8480806.0,LPR+ OZ,2,2,2,1.0,104
8480806.0,NORTH CYCLE OFFBOARDS+,2,2,2,1.0,104
8480806.0,O-ZONE PASS RECEPTION,3,3,3,1.0,104
8480806.0,NORTH CYCLE OFFBOARDS-,2,0,2,0.0,104
8480806.0,O-ZONE ENTRY PASS RECEPTION,1,1,1,1.0,104
8480806.0,DEF LPR NZ,1,1,1,1.0,104
8480806.0,NZPASS north OFFBOARDS+,1,1,1,1.0,104
8480806.0,NZPUCKPROTECTION-,1,0,1,0.0,104
8480806.0,OZDEKE+,1,1,1,1.0,104
8480806.0,EAST/WEST PASS+,1,1,1,1.0,104
8480806.0,MISS PASS,1,0,1,0.0,104
8480806.0,OFF LPR DZ,1,1,1,1.0,104
8476881.0,OZ FACE OFF-,3,0,3,0.0,121
8476881.0,CONT LPR- OZ,4,0,4,0.0,121
8476881.0,OFF LPR DZ,5,5,5,1.0,121
8476881.0,CONTROLLED EXIT FROM DZ,2,2,2,1.0,121
8476881.0,CARRY OVER REDLINE,3,3,3,1.0,121
8476881.0,CONTROLLED ENTRY INTO OZ,4,4,4,1.0,121
8476881.0,OZDEKE-,4,0,4,0.0,121
8476881.0,D-ZONE PASS RECEPTION,3,3,3,1.0,121
8476881.0,DZ OUTLET PASS-,2,0,2,0.0,121
8476881.0,ICING,1,0,1,0.0,121
8476881.0,FAILED PASS TRAJECTORY LOCATION NZ,1,0,1,0.0,121
8476881.0,OFF GLASS DUMP OUT+,1,1,1,1.0,121
8476881.0,N-ZONE PASS RECEPTION,2,2,2,1.0,121
8476881.0,DUMP IN+,1,1,1,1.0,121
8476881.0,DI LPR OZ,2,2,2,1.0,121
8476881.0,SOUTH CYCLE OFFBOARDS+,3,3,3,1.0,121
8476881.0,NORTH CYCLE OFFBOARDS-,1,0,1,0.0,121
8476881.0,FAILED PASS TRAJECTORY LOCATION OZ,3,0,3,0.0,121
8476881.0,BLOCK OPPOSITION PASS+,1,1,1,1.0,121
8476881.0,DEF LPR OZ,1,1,1,1.0,121
8476881.0,O-ZONE PASS RECEPTION,10,10,10,1.0,121
8476881.0,OZPASS TO SLOT+,2,2,2,1.0,121
8476881.0,OFF LPR OZ,1,1,1,1.0,121
8476881.0,LPR+ NZ,1,1,1,1.0,121
8476881.0,NORTH CYCLE -,1,0,1,0.0,121
8476881.0,LPR+ OZ,4,4,4,1.0,121
8476881.0,SLOT SHOT FOR MISSED,2,0,2,0.0,121
8476881.0,O-ZONE ENTRY PASS RECEPTION,1,1,1,1.0,121
8476881.0,CHIP DUMP+,1,1,1,1.0,121
8476881.0,OUTSIDE SHOT FOR ONNET,2,2,2,1.0,121
8476881.0,DZ OUTLET PASS OFFBOARDS+,1,1,1,1.0,121
8476881.0,MISS PASS,1,0,1,0.0,121
8476881.0,NZ FACE OFF-,2,0,2,0.0,121
8476881.0,MISS SHOT LPR OZ,1,1,1,1.0,121
8476881.0,SOUTH CYCLE +,6,6,6,1.0,121
8476881.0,SLOT SHOT FOR BLOCKED,1,0,1,0.0,121
8476881.0,CONT LPR- NZ,2,0,2,0.0,121
8476881.0,DZ FACE OFF-,3,0,3,0.0,121
8476881.0,LPR+ DZ,2,2,2,1.0,121
8476881.0,DZONE D2D+,1,1,1,1.0,121
8476881.0,SHOT PRESSURE,3,0,3,0.0,121
8476881.0,DZ REC FACE OFF+,1,1,1,1.0,121
8476881.0,DUMP OUT+,1,1,1,1.0,121
8476881.0,LPR FROM SC NZ,1,1,1,1.0,121
8476881.0,BLOCK OPPOSITION SHOT+,1,1,1,1.0,121
8476881.0,NZDEKE+,2,2,2,1.0,121
8476881.0,NZPASS north+,1,1,1,1.0,121
8476881.0,2ND ASSIST,2,2,2,1.0,121
8476881.0,OZ REC FACE OFF+SON,1,1,1,1.0,121
8476881.0,OZ REC FACE OFF+,3,3,3,1.0,121
8476881.0,DZDEKE+,2,2,2,1.0,121
8476881.0,NORTH CYCLE +,1,1,1,1.0,121
8476881.0,F/OFF LPR OZ,1,1,1,1.0,121
8476881.0,REB LPR OZ+,1,1,1,1.0,121
8476881.0,DUMPIN AGAINST,1,0,1,0.0,121
8476881.0,DZONE STRETCH+,1,1,1,1.0,121
8476881.0,OZPUCKPROTECTION+,1,1,1,1.0,121
8476881.0,OUTSIDE SHOT FOR MISSED,1,0,1,0.0,121
8476881.0,CONT MISS SHOT LPR OZ,1,1,1,1.0,121
8476881.0,NORTH CYCLE OFFBOARDS+,1,1,1,1.0,121
8476881.0,OZPASS TO SLOT-,1,0,1,0.0,121
8476881.0,DZ OUTLET PASS+,1,1,1,1.0,121
8481527.0,DUMP IN LPR+,3,3,3,1.0,82
8481527.0,DZ OUTLET PASS OFFBOARDS-,3,0,3,0.0,82
8481527.0,FAILED PASS TRAJECTORY LOCATION DZ,3,0,3,0.0,82
8481527.0,3on1 CONTROLLED ENTRY AGAINST+,1,1,1,1.0,82
8481527.0,SHOT PRESSURE,4,0,4,0.0,82
8481527.0,BLOCK OPPOSITION PASS+,2,2,2,1.0,82
8481527.0,DEF LPR DZ,1,1,1,1.0,82
8481527.0,DZDEKE+,1,1,1,1.0,82
8481527.0,DZONE D2D OFFBOARDS+,1,1,1,1.0,82
8481527.0,D-ZONE PASS RECEPTION,9,9,9,1.0,82
8481527.0,CONTROLLED BREAKOUT,2,0,2,0.0,82
8481527.0,DZ OUTLET PASS-,5,0,5,0.0,82
8481527.0,O-ZONE PASS RECEPTION,2,2,2,1.0,82
8481527.0,NORTH CYCLE OFFBOARDS+,1,1,1,1.0,82
8481527.0,DZ STICK CHK+,1,1,1,1.0,82
8481527.0,LPR FROM SC DZ,2,2,2,1.0,82
8481527.0,DZONE D2D+,4,4,4,1.0,82
8481527.0,OUTSIDE SHOT FOR ONNET,1,1,1,1.0,82
8481527.0,FAILED PASS TRAJECTORY LOCATION NZ,1,0,1,0.0,82
8481527.0,DUMPIN AGAINST,3,0,3,0.0,82
8481527.0,DZ OUTLET PASS+,3,3,3,1.0,82
8481527.0,LPR+ DZ,1,1,1,1.0,82
8481527.0,CONT LPR- DZ,2,0,2,0.0,82
8481527.0,OFF LPR DZ,4,4,4,1.0,82
8481527.0,1on2 CONTROLLED ENTRY AGAINST-,2,0,2,0.0,82
8481527.0,NO PRESSURE LPR+,1,1,1,1.0,82
8481527.0,CONTROLLED EXIT FROM DZ,3,3,3,1.0,82
8481527.0,CARRY OVER REDLINE,3,3,3,1.0,82
8481527.0,CONTROLLED ENTRY INTO OZ,2,2,2,1.0,82
8481527.0,NORTH CYCLE OFFBOARDS-,2,0,2,0.0,82
8481527.0,FAILED PASS TRAJECTORY LOCATION OZ,2,0,2,0.0,82
8481527.0,DZDEKE-,1,0,1,0.0,82
8481527.0,DUMP IN+,1,1,1,1.0,82
8481527.0,OZPASS OFF THE RUSH+,1,1,1,1.0,82
8481527.0,MISS SHOT LPR OZ,1,1,1,1.0,82
8481527.0,3on3 CONTROLLED ENTRY AGAINST-,1,0,1,0.0,82
8481527.0,FLIP DUMP OUT+,1,1,1,1.0,82
8481527.0,3on3 CONTROLLED ENTRY AGAINST+,1,1,1,1.0,82
8482803.0,2on2 CONTROLLED ENTRY AGAINST+,1,1,1,1.0,148
8482803.0,N-ZONE PASS RECEPTION,5,5,5,1.0,148
8482803.0,CONTROLLED ENTRY INTO OZ,6,6,6,1.0,148
8482803.0,SLOT SHOT FOR MISSED,1,0,1,0.0,148
8482803.0,O-ZONE PASS RECEPTION,7,7,7,1.0,148
8482803.0,NORTH CYCLE -,1,0,1,0.0,148
8482803.0,FAILED PASS TRAJECTORY LOCATION OZ,6,0,6,0.0,148
8482803.0,1on2 CONTROLLED ENTRY AGAINST-,1,0,1,0.0,148
8482803.0,LPR FROM SC NZ,1,1,1,1.0,148
8482803.0,DZONE STRETCH+,4,4,4,1.0,148
8482803.0,2on2 CONTROLLED ENTRY AGAINST-,2,0,2,0.0,148
8482803.0,LPR+ DZ,3,3,3,1.0,148
8482803.0,OFF GLASS DUMP OUT-,2,0,2,0.0,148
8482803.0,DUMPIN AGAINST,6,0,6,0.0,148
8482803.0,SHOT PRESSURE,3,0,3,0.0,148
8482803.0,OZDEKE+,5,5,5,1.0,148
8482803.0,NORTH CYCLE OFFBOARDS-,5,0,5,0.0,148
8482803.0,MISS SHOT LPR OZ,2,2,2,1.0,148
8482803.0,OZPUCKPROTECTION+,1,1,1,1.0,148
8482803.0,NORTH CYCLE +,3,3,3,1.0,148
8482803.0,SOUTH CYCLE +,1,1,1,1.0,148
8482803.0,D-ZONE PASS RECEPTION,15,15,15,1.0,148
8482803.0,DZONE D2D+,4,4,4,1.0,148
8482803.0,OUTSIDE SHOT FOR BLOCKED,1,0,1,0.0,148
8482803.0,OFFBOARDS OZ ENTRY PASS+,1,1,1,1.0,148
8482803.0,BLOCK OPPOSITION SHOT+,1,1,1,1.0,148
8482803.0,DZDEKE-,1,0,1,0.0,148
8482803.0,OFF LPR DZ,1,1,1,1.0,148
8482803.0,CONTROLLED EXIT FROM DZ,4,4,4,1.0,148
8482803.0,CARRY OVER REDLINE,3,3,3,1.0,148
8482803.0,1on2 CONTROLLED ENTRY AGAINST+,1,1,1,1.0,148
8482803.0,CONT HI PRESS DUMP IN LPR -,1,0,1,0.0,148
8482803.0,DZONE D2D OFFBOARDS+,2,2,2,1.0,148
8482803.0,BLUE HOLD+,3,3,3,1.0,148
8482803.0,CONT LPR- OZ,1,0,1,0.0,148
8482803.0,HI PRESS DUMP IN LPR+,2,2,2,1.0,148
8482803.0,DZDEKE+,4,4,4,1.0,148
8482803.0,DZPUCKPROTECTION+,1,1,1,1.0,148
8482803.0,FLIP DUMP OUT+,1,1,1,1.0,148
8482803.0,NZ STICK CHK+,1,1,1,1.0,148
8482803.0,EAST/WEST PASS+,1,1,1,1.0,148
8482803.0,DUMP IN LPR+,1,1,1,1.0,148
8482803.0,3on2 CONTROLLED ENTRY AGAINST-,2,0,2,0.0,148
8482803.0,DZ STICK CHK+,1,1,1,1.0,148
8482803.0,OFF GLASS DUMP OUT+,2,2,2,1.0,148
8482803.0,LPR+ OZ,1,1,1,1.0,148
8482803.0,SLOT SHOT FOR ONNET,1,1,1,1.0,148
8482803.0,DZ OUTLET PASS+,4,4,4,1.0,148
8482803.0,BLOCK OPPOSITION PASS+,2,2,2,1.0,148
8482803.0,OFF LPR OZ,1,1,1,1.0,148
8482803.0,OZPASS OFF THE RUSH+,1,1,1,1.0,148
8482803.0,OPPOSITION DUMP LPR,2,2,2,1.0,148
8482803.0,F/OFF LPR+ DZ,1,1,1,1.0,148
8482803.0,OUTSIDE SHOT FOR ONNET,2,2,2,1.0,148
8482803.0,CONT LPRREB-,1,0,1,0.0,148
8482803.0,LPRREB+,1,1,1,1.0,148
8482803.0,DZ OUTLET PASS OFFBOARDS+,1,1,1,1.0,148
8482803.0,DZ OUTLET PASS-,1,0,1,0.0,148
8482803.0,FAILED PASS TRAJECTORY LOCATION NZ,2,0,2,0.0,148
8482803.0,DZONE D2D-,1,0,1,0.0,148
8482803.0,FAILED PASS TRAJECTORY LOCATION DZ,1,0,1,0.0,148
8482803.0,CONT DEF LPR DZ,1,1,1,1.0,148
8482803.0,NZPASS north OFFBOARDS-,1,0,1,0.0,148
8482803.0,DZONE STRETCH OFFBOARDS+,1,1,1,1.0,148
8482803.0,DUMP OUT+,1,1,1,1.0,148
8479980.0,OPPOSITION DUMP LPR,2,2,2,1.0,74
8479980.0,DUMP IN+,2,2,2,1.0,74
8479980.0,LPR+ OZ,3,3,3,1.0,74
8479980.0,NORTH CYCLE OFFBOARDS-,2,0,2,0.0,74
8479980.0,FAILED PASS TRAJECTORY LOCATION OZ,2,0,2,0.0,74
8479980.0,BLOCK OPPOSITION PASS-,3,0,3,0.0,74
8479980.0,D-ZONE PASS RECEPTION,6,6,6,1.0,74
8479980.0,DZONE D2D OFFBOARDS+,2,2,2,1.0,74
8479980.0,CONT LPR- DZ,3,0,3,0.0,74
8479980.0,PREVENT RECEPTION DZ,1,1,1,1.0,74
8479980.0,BLOCK OPPOSITION PASS+,2,2,2,1.0,74
8479980.0,DEF LPR DZ,1,1,1,1.0,74
8479980.0,DZ OUTLET PASS+,2,2,2,1.0,74
8479980.0,2on2 CONTROLLED ENTRY AGAINST+,1,1,1,1.0,74
8479980.0,DZ STICK CHK+,2,2,2,1.0,74
8479980.0,CONT LPR- OZ,1,0,1,0.0,74
8479980.0,O-ZONE PASS RECEPTION,1,1,1,1.0,74
8479980.0,OZPASS TO SLOT+,1,1,1,1.0,74
8479980.0,2ND ASSIST,1,1,1,1.0,74
8479980.0,DUMPIN AGAINST,2,0,2,0.0,74
8479980.0,OUTSIDE SHOT FOR BLOCKED,1,0,1,0.0,74
8479980.0,DUMP IN LPR+,3,3,3,1.0,74
8479980.0,DZONE D2D+,2,2,2,1.0,74
8479980.0,DZ OUTLET PASS OFFBOARDS+,4,4,4,1.0,74
8479980.0,BLUE HOLD+,1,1,1,1.0,74
8479980.0,DEF LPR OZ,1,1,1,1.0,74
8479980.0,NORTH CYCLE OFFBOARDS+,1,1,1,1.0,74
8479980.0,CONT LPR FROM SC DZ,1,1,1,1.0,74
8479980.0,N-ZONE PASS RECEPTION,1,1,1,1.0,74
8479980.0,CARRY OVER REDLINE,1,1,1,1.0,74
8479980.0,2on3 CONTROLLED ENTRY AGAINST+,1,1,1,1.0,74
8479980.0,SHOT PRESSURE,4,0,4,0.0,74
8479980.0,3on3 CONTROLLED ENTRY AGAINST-,2,0,2,0.0,74
8479980.0,OFF GLASS DUMP OUT-,1,0,1,0.0,74
8479980.0,NZDEKE-,1,0,1,0.0,74
8479980.0,3on2 CONTROLLED ENTRY AGAINST+,1,1,1,1.0,74
8479980.0,HI PRESS DUMP IN LPR+,1,1,1,1.0,74
8479980.0,LPR- DZ,1,0,1,0.0,74
8479980.0,1on2 CONTROLLED ENTRY AGAINST-,1,0,1,0.0,74
8479980.0,CONT HI PRESS DUMP IN LPR -,1,0,1,0.0,74
8479980.0,OFF LPR NZ,1,1,1,1.0,74
8479980.0,OFF GLASS DUMP OUT+,1,1,1,1.0,74
8479980.0,DZONE STRETCH OFFBOARDS-,1,0,1,0.0,74
8479980.0,FAILED PASS TRAJECTORY LOCATION NZ,1,0,1,0.0,74
8481605.0,CONT HI PRESS DUMP IN LPR -,1,0,1,0.0,110
8481605.0,OFF LPR DZ,2,2,2,1.0,110
8481605.0,DZ OUTLET PASS OFFBOARDS+,4,4,4,1.0,110
8481605.0,NZ STICK CHK+,2,2,2,1.0,110
8481605.0,DZ BODY CHK+,1,1,1,1.0,110
8481605.0,CONT LPR- DZ,2,0,2,0.0,110
8481605.0,LPR FROM BC DZ,1,1,1,1.0,110
8481605.0,DZ OUTLET PASS OFFBOARDS-,2,0,2,0.0,110
8481605.0,FAILED PASS TRAJECTORY LOCATION DZ,3,0,3,0.0,110
8481605.0,D-ZONE PASS RECEPTION,11,11,11,1.0,110
8481605.0,DZ OUTLET PASS+,5,5,5,1.0,110
8481605.0,3on2 CONTROLLED ENTRY AGAINST-,1,0,1,0.0,110
8481605.0,N-ZONE PASS RECEPTION,3,3,3,1.0,110
8481605.0,NZONE E/W PASS+,1,1,1,1.0,110
8481605.0,LPR+ OZ,1,1,1,1.0,110
8481605.0,EAST/WEST PASS+,3,3,3,1.0,110
8481605.0,DZONE D2D OFFBOARDS-,1,0,1,0.0,110
8481605.0,OPPOSITION DUMP LPR,5,5,5,1.0,110
8481605.0,NZPASS south+,3,3,3,1.0,110
8481605.0,DZONE STRETCH+,2,2,2,1.0,110
8481605.0,OZ STICK CHK+,1,1,1,1.0,110
8481605.0,CONT LPR- OZ,2,0,2,0.0,110
8481605.0,O-ZONE PASS RECEPTION,5,5,5,1.0,110
8481605.0,BLOCK OPPOSITION PASS+,2,2,2,1.0,110
8481605.0,OUTSIDE SHOT FOR BLOCKED,1,0,1,0.0,110
8481605.0,DUMPIN AGAINST,1,0,1,0.0,110
8481605.0,DUMP IN LPR+,5,5,5,1.0,110
8481605.0,DZONE D2D OFFBOARDS+,2,2,2,1.0,110
8481605.0,NZPASS north OFFBOARDS-,1,0,1,0.0,110
8481605.0,FAILED PASS TRAJECTORY LOCATION NZ,2,0,2,0.0,110
8481605.0,DZONE STRETCH OFFBOARDS-,1,0,1,0.0,110
8481605.0,NORTH CYCLE +,2,2,2,1.0,110
8481605.0,OUTSIDE SHOT FOR ONNET,2,2,2,1.0,110
8481605.0,GOAL,1,1,1,1.0,110
8481605.0,SHOT PRESSURE,2,0,2,0.0,110
8481605.0,LPR+ DZ,2,2,2,1.0,110
8481605.0,DZPUCKPROTECTION+,1,1,1,1.0,110
8481605.0,CONTROLLED EXIT FROM DZ,2,2,2,1.0,110
8481605.0,CARRY OVER REDLINE,1,1,1,1.0,110
8481605.0,CONTROLLED ENTRY INTO OZ,2,2,2,1.0,110
8481605.0,OZDEKE+,2,2,2,1.0,110
8481605.0,BLUE HOLD+,1,1,1,1.0,110
8481605.0,DEF LPR OZ,1,1,1,1.0,110
8481605.0,OZ ENTRY PASS+,1,1,1,1.0,110
8481605.0,1on2 CONTROLLED ENTRY AGAINST-,1,0,1,0.0,110
8481605.0,DZDEKE+,1,1,1,1.0,110
8481605.0,DZ OUTLET PASS-,1,0,1,0.0,110
8481605.0,1on1 CONTROLLED ENTRY AGAINST-,1,0,1,0.0,110
8481605.0,OZDEKE-,1,0,1,0.0,110
8481605.0,OFF LPR OZ,2,2,2,1.0,110
8481605.0,SOUTH CYCLE OFFBOARDS-,1,0,1,0.0,110
8481605.0,FAILED PASS TRAJECTORY LOCATION OZ,1,0,1,0.0,110
8481605.0,DZONE D2D+,3,3,3,1.0,110
8481605.0,CONTROLLED BREAKOUT,1,0,1,0.0,110
8478434.0,OZ BODY CHK+,1,1,1,1.0,75
8478434.0,CONT LPR- OZ,3,0,3,0.0,75
8478434.0,D-ZONE PASS RECEPTION,5,5,5,1.0,75
8478434.0,CONTROLLED EXIT FROM DZ,3,3,3,1.0,75
8478434.0,CARRY OVER REDLINE,2,2,2,1.0,75
8478434.0,NZPASS north-,2,0,2,0.0,75
8478434.0,FAILED PASS TRAJECTORY LOCATION NZ,3,0,3,0.0,75
8478434.0,DUMPIN AGAINST,4,0,4,0.0,75
8478434.0,NZPASS north+,1,1,1,1.0,75
8478434.0,O-ZONE PASS RECEPTION,3,3,3,1.0,75
8478434.0,OZDEKE-,1,0,1,0.0,75
8478434.0,N-ZONE PASS RECEPTION,5,5,5,1.0,75
8478434.0,DUMP IN+,3,3,3,1.0,75
8478434.0,BLOCK OPPOSITION PASS+,3,3,3,1.0,75
8478434.0,DEF LPR OZ,1,1,1,1.0,75
8478434.0,NORTH CYCLE OFFBOARDS-,2,0,2,0.0,75
8478434.0,FAILED PASS TRAJECTORY LOCATION OZ,4,0,4,0.0,75
8478434.0,DZ OUTLET PASS+,2,2,2,1.0,75
8478434.0,REB LPR OZ+,1,1,1,1.0,75
8478434.0,OZPASS TO SLOT+,1,1,1,1.0,75
8478434.0,CONTROLLED ENTRY INTO OZ,1,1,1,1.0,75
8478434.0,OZPASS OFFBOARDS OFF THE RUSH+,1,1,1,1.0,75
8478434.0,3on3 CONTROLLED ENTRY AGAINST-,1,0,1,0.0,75
8478434.0,NZDEKE-,1,0,1,0.0,75
8478434.0,DUMP IN LPR+,1,1,1,1.0,75
8478434.0,DZONE D2D-,1,0,1,0.0,75
8478434.0,FAILED PASS TRAJECTORY LOCATION DZ,1,0,1,0.0,75
8478434.0,DZDEKE+,1,1,1,1.0,75
8478434.0,DI LPR OZ,2,2,2,1.0,75
8478434.0,OFF LPR DZ,1,1,1,1.0,75
8478434.0,DZ OUTLET PASS-,1,0,1,0.0,75
8478434.0,OZPASS TO SLOT-,1,0,1,0.0,75
8478434.0,SOUTH CYCLE OFFBOARDS-,1,0,1,0.0,75
8478434.0,OFF LPR OZ,2,2,2,1.0,75
8478434.0,OZPUCKPROTECTION+,2,2,2,1.0,75
8478434.0,NORTH CYCLE +,1,1,1,1.0,75
8478434.0,O-ZONE ENTRY PASS RECEPTION,2,2,2,1.0,75
8478434.0,OUTSIDE SHOT FOR ONNET,1,1,1,1.0,75
8478434.0,OUTSIDE SHOT FOR MISSED,1,0,1,0.0,75
8478434.0,NORTH CYCLE OFFBOARDS+,2,2,2,1.0,75
8478424.0,MISS SHOT LPR OZ,1,1,1,1.0,70
8478424.0,NORTH CYCLE OFFBOARDS+,2,2,2,1.0,70
8478424.0,DI LPR OZ,1,1,1,1.0,70
8478424.0,D-ZONE PASS RECEPTION,3,3,3,1.0,70
8478424.0,DZ OUTLET PASS+,1,1,1,1.0,70
8478424.0,NZ REC FACE OFF+ENTRY,3,3,3,1.0,70
8478424.0,BLOCK OPPOSITION PASS+,1,1,1,1.0,70
8478424.0,CONT DEF LPR OZ,2,2,2,1.0,70
8478424.0,NORTH CYCLE OFFBOARDS-,1,0,1,0.0,70
8478424.0,FAILED PASS TRAJECTORY LOCATION OZ,3,0,3,0.0,70
8478424.0,BC LPR OZ,1,1,1,1.0,70
8478424.0,SOUTH CYCLE +,3,3,3,1.0,70
8478424.0,CONT LPR- OZ,4,0,4,0.0,70
8478424.0,LPR+ OZ,1,1,1,1.0,70
8478424.0,SOUTH CYCLE OFFBOARDS-,1,0,1,0.0,70
8478424.0,N-ZONE PASS RECEPTION,4,4,4,1.0,70
8478424.0,CARRY OVER REDLINE,2,2,2,1.0,70
8478424.0,DUMP IN+,3,3,3,1.0,70
8478424.0,OZ ENTRY PASS+,1,1,1,1.0,70
8478424.0,CONTROLLED EXIT FROM DZ,1,1,1,1.0,70
8478424.0,O-ZONE PASS RECEPTION,3,3,3,1.0,70
8478424.0,NZPASS south+,2,2,2,1.0,70
8478424.0,DUMP OUT+,1,1,1,1.0,70
8478424.0,O-ZONE ENTRY PASS RECEPTION,1,1,1,1.0,70
8478424.0,OUTSIDE SHOT FOR BLOCKED,1,0,1,0.0,70
8478424.0,BLOCK OPPOSITION PASS-,1,0,1,0.0,70
8478424.0,CONT OFF LPR OZ,1,1,1,1.0,70
8478424.0,SOUTH CYCLE OFFBOARDS+,1,1,1,1.0,70
8478424.0,OZ FACE OFF-,2,0,2,0.0,70
8478424.0,OZPASS TO SLOT+,2,2,2,1.0,70
8478424.0,OZ REC FACE OFF+,1,1,1,1.0,70
8478424.0,OZDEKE+,1,1,1,1.0,70
8478424.0,DUMPIN AGAINST,2,0,2,0.0,70
8478424.0,CONT LPR- DZ,1,0,1,0.0,70
8478424.0,DZ FACE OFF-,2,0,2,0.0,70
8478424.0,NZ REC FACE OFF+,1,1,1,1.0,70
8478424.0,F/OFF LPR+ NZ,1,1,1,1.0,70
8478424.0,CONT CI LPR OZ,1,1,1,1.0,70
8478424.0,SOUTH CYCLE -,1,0,1,0.0,70
8478424.0,LPR+ DZ,1,1,1,1.0,70
8478424.0,DZONE D2D+,1,1,1,1.0,70
8478424.0,SHOT PRESSURE,1,0,1,0.0,70
8478424.0,CONT LPRREB-,1,0,1,0.0,70
8478424.0,NZ FACE OFF-,1,0,1,0.0,70
8481655.0,MISS PASS,2,0,2,0.0,49
8481655.0,LPR+ DZ,2,2,2,1.0,49
8481655.0,CONTROLLED EXIT FROM DZ,2,2,2,1.0,49
8481655.0,NZDEKE-,1,0,1,0.0,49
8481655.0,SHOT PRESSURE,3,0,3,0.0,49
8481655.0,BLOCK OPPOSITION SHOT+,1,1,1,1.0,49
8481655.0,NZ FACE OFF-,1,0,1,0.0,49
8481655.0,CONT LPR- NZ,1,0,1,0.0,49
8481655.0,CONT LPR- DZ,2,0,2,0.0,49
8481655.0,LPRREB+,1,1,1,1.0,49
8481655.0,DZPUCKPROTECTION-,1,0,1,0.0,49
8481655.0,O-ZONE PASS RECEPTION,5,5,5,1.0,49
8481655.0,SLOT SHOT FOR ONNET,1,1,1,1.0,49
8481655.0,D-ZONE PASS RECEPTION,4,4,4,1.0,49
8481655.0,FLIP DUMP OUT+,1,1,1,1.0,49
8481655.0,BLOCK OPPOSITION PASS+,3,3,3,1.0,49
8481655.0,DEF LPR DZ,1,1,1,1.0,49
8481655.0,OFF GLASS DUMP OUT+,2,2,2,1.0,49
8481655.0,CONT OFF LPR DZ,1,1,1,1.0,49
8481655.0,DUMP OUT+,1,1,1,1.0,49
8481655.0,DZ OUTLET PASS+,2,2,2,1.0,49
8481655.0,SOUTH CYCLE OFFBOARDS+,2,2,2,1.0,49
8481655.0,N-ZONE PASS RECEPTION,1,1,1,1.0,49
8481655.0,NZPASS south+,1,1,1,1.0,49
8481655.0,OZPASS TO SLOT-,1,0,1,0.0,49
8481655.0,FAILED PASS TRAJECTORY LOCATION OZ,2,0,2,0.0,49
8481655.0,OFFBOARDS OZ ENTRY PASS+,1,1,1,1.0,49
8481655.0,OZDEKE+,1,1,1,1.0,49
8481655.0,NORTH CYCLE OFFBOARDS-,1,0,1,0.0,49
8481655.0,NZ REC FACE OFF+,1,1,1,1.0,49
8476871.0,OFF LPR DZ,1,1,1,1.0,46
8476871.0,NZONE E/W PASS+,1,1,1,1.0,46
8476871.0,3on3 CONTROLLED ENTRY AGAINST-,1,0,1,0.0,46
8476871.0,SHOT PRESSURE,2,0,2,0.0,46
8476871.0,1on2 CONTROLLED ENTRY AGAINST-,1,0,1,0.0,46
8476871.0,BLOCK OPPOSITION PASS+,1,1,1,1.0,46
8476871.0,DEF LPR DZ,1,1,1,1.0,46
8476871.0,DZDEKE+,1,1,1,1.0,46
8476871.0,CONTROLLED EXIT FROM DZ,1,1,1,1.0,46
8476871.0,DUMP IN+,2,2,2,1.0,46
8476871.0,DI LPR OZ,1,1,1,1.0,46
8476871.0,OZDEKE+,1,1,1,1.0,46
8476871.0,OZPASS TO SLOT+,2,2,2,1.0,46
8476871.0,D-ZONE PASS RECEPTION,5,5,5,1.0,46
8476871.0,DZONE D2D OFFBOARDS+,2,2,2,1.0,46
8476871.0,OFF GLASS DUMP OUT-,1,0,1,0.0,46
8476871.0,N-ZONE PASS RECEPTION,3,3,3,1.0,46
8476871.0,CONTROLLED ENTRY INTO OZ,1,1,1,1.0,46
8476871.0,OZDEKE-,1,0,1,0.0,46
8476871.0,DEF LPR NZ,1,1,1,1.0,46
8476871.0,OZ ENTRY PASS+,1,1,1,1.0,46
8476871.0,O-ZONE PASS RECEPTION,2,2,2,1.0,46
8476871.0,SLOT SHOT FOR ONNET,1,1,1,1.0,46
8476871.0,PREVENT RECEPTION DZ,1,1,1,1.0,46
8476871.0,CONT LPR- DZ,1,0,1,0.0,46
8476871.0,DZPUCKPROTECTION-,1,0,1,0.0,46
8476871.0,MISS PASS,1,0,1,0.0,46
8476871.0,1ST ASSIST,1,1,1,1.0,46
8476871.0,DZONE D2D+,1,1,1,1.0,46
8476871.0,CONT LPR- OZ,1,0,1,0.0,46
8476871.0,LPR+ OZ,1,1,1,1.0,46
8476871.0,OUTSIDE SHOT FOR ONNET,1,1,1,1.0,46
8476871.0,NZPASS south+,1,1,1,1.0,46
8476871.0,DUMP IN LPR+,1,1,1,1.0,46
8476871.0,OFF GLASS DUMP OUT+,1,1,1,1.0,46
8482125.0,N-ZONE PASS RECEPTION,4,4,4,1.0,51
8482125.0,CARRY OVER REDLINE,2,2,2,1.0,51
8482125.0,DUMP IN+,1,1,1,1.0,51
8482125.0,CONT LPR- OZ,3,0,3,0.0,51
8482125.0,D-ZONE PASS RECEPTION,3,3,3,1.0,51
8482125.0,OFF GLASS DUMP OUT-,2,0,2,0.0,51
8482125.0,BLOCK OPPOSITION PASS+,1,1,1,1.0,51
8482125.0,DEF LPR OZ,1,1,1,1.0,51
8482125.0,OZPASS TO SLOT-,3,0,3,0.0,51
8482125.0,FAILED PASS TRAJECTORY LOCATION OZ,3,0,3,0.0,51
8482125.0,OFF LPR OZ,1,1,1,1.0,51
8482125.0,OZDEKE-,1,0,1,0.0,51
8482125.0,LPR+ NZ,1,1,1,1.0,51
8482125.0,CONTROLLED ENTRY INTO OZ,2,2,2,1.0,51
8482125.0,OZPASS OFF THE RUSH+,1,1,1,1.0,51
8482125.0,O-ZONE PASS RECEPTION,3,3,3,1.0,51
8482125.0,OZPASS TO SLOT+,2,2,2,1.0,51
8482125.0,OFF GLASS DUMP OUT+,1,1,1,1.0,51
8482125.0,SHOT PRESSURE,1,0,1,0.0,51
8482125.0,NZONE E/W PASS-,1,0,1,0.0,51
8482125.0,FAILED PASS TRAJECTORY LOCATION NZ,2,0,2,0.0,51
8482125.0,DZ STICK CHK+,1,1,1,1.0,51
8482125.0,LPR- DZ,1,0,1,0.0,51
8482125.0,SLOT SHOT FOR ONNET,1,1,1,1.0,51
8482125.0,GOAL,1,1,1,1.0,51
8482125.0,LPR+ DZ,1,1,1,1.0,51
8482125.0,DZONE D2D OFFBOARDS+,1,1,1,1.0,51
8482125.0,CHIP DUMP+,1,1,1,1.0,51
8482125.0,LPR+ OZ,1,1,1,1.0,51
8482125.0,LPR- OZ,1,0,1,0.0,51
8482125.0,CONT LPR- NZ,1,0,1,0.0,51
8482125.0,CONT F/OFF LPR+ NZ,1,1,1,1.0,51
8482125.0,NZPASS south-,1,0,1,0.0,51
8482118.0,D-ZONE PASS RECEPTION,2,2,2,1.0,68
8482118.0,CONTROLLED EXIT FROM DZ,1,1,1,1.0,68
8482118.0,CARRY OVER REDLINE,4,4,4,1.0,68
8482118.0,DUMP IN+,2,2,2,1.0,68
8482118.0,NZ STICK CHK+,1,1,1,1.0,68
8482118.0,LPR FROM SC NZ,1,1,1,1.0,68
8482118.0,DUMP OUT+,1,1,1,1.0,68
8482118.0,N-ZONE PASS RECEPTION,5,5,5,1.0,68
8482118.0,DZDEKE+,1,1,1,1.0,68
8482118.0,DZONE D2D+,1,1,1,1.0,68
8482118.0,DZ OUTLET PASS+,1,1,1,1.0,68
8482118.0,OFFSIDE CAUSED,1,0,1,0.0,68
8482118.0,O-ZONE PASS RECEPTION,5,5,5,1.0,68
8482118.0,OZDEKE+,2,2,2,1.0,68
8482118.0,SLOT SHOT FOR ONNET,1,1,1,1.0,68
8482118.0,REB LPR OZ+,1,1,1,1.0,68
8482118.0,OUTSIDE SHOT FOR ONNET,1,1,1,1.0,68
8482118.0,LPR+ OZ,1,1,1,1.0,68
8482118.0,OUTSIDE SHOT FOR BLOCKED,2,0,2,0.0,68
8482118.0,DUMP IN LPR+,1,1,1,1.0,68
8482118.0,OFF GLASS DUMP OUT-,1,0,1,0.0,68
8482118.0,CONT LPR- OZ,4,0,4,0.0,68
8482118.0,CONT LPR+ OZ,1,1,1,1.0,68
8482118.0,SOUTH CYCLE OFFBOARDS-,1,0,1,0.0,68
8482118.0,FAILED PASS TRAJECTORY LOCATION OZ,3,0,3,0.0,68
8482118.0,O-ZONE ENTRY PASS RECEPTION,1,1,1,1.0,68
8482118.0,OZDEKE-,1,0,1,0.0,68
8482118.0,DUMP IN-,1,0,1,0.0,68
8482118.0,F/OFF LPR+ NZ,1,1,1,1.0,68
8482118.0,NZPASS south+,1,1,1,1.0,68
8482118.0,OZPASS TO SLOT-,1,0,1,0.0,68
8482118.0,DUMPIN AGAINST,1,0,1,0.0,68
8482118.0,CONTROLLED ENTRY INTO OZ,1,1,1,1.0,68
8482118.0,NORTH CYCLE +,3,3,3,1.0,68
8482118.0,MISS SHOT LPR OZ,1,1,1,1.0,68
8482118.0,OZPASS TO SLOT+,2,2,2,1.0,68
8482118.0,DEF LPR OZ,1,1,1,1.0,68
8482118.0,CONT HI PRESS DUMP IN LPR+,1,1,1,1.0,68
8482118.0,DZONE D2D OFFBOARDS+,1,1,1,1.0,68
8482118.0,SHOT PRESSURE,1,0,1,0.0,68
8482118.0,BLOCK OPPOSITION PASS+,1,1,1,1.0,68
8482118.0,DEF LPR NZ,1,1,1,1.0,68
8482118.0,NZPASS south-,1,0,1,0.0,68
8482118.0,FAILED PASS TRAJECTORY LOCATION DZ,1,0,1,0.0,68
8482118.0,OZ ENTRY PASS-,1,0,1,0.0,68
8481533.0,LPR+ DZ,2,2,2,1.0,52
8481533.0,DZDEKE+,1,1,1,1.0,52
8481533.0,CONTROLLED EXIT FROM DZ,2,2,2,1.0,52
8481533.0,CARRY OVER REDLINE,3,3,3,1.0,52
8481533.0,NZONE E/W PASS+,1,1,1,1.0,52
8481533.0,O-ZONE PASS RECEPTION,6,6,6,1.0,52
8481533.0,OZPASS OFF THE RUSH-,2,0,2,0.0,52
8481533.0,N-ZONE PASS RECEPTION,2,2,2,1.0,52
8481533.0,CONTROLLED ENTRY INTO OZ,2,2,2,1.0,52
8481533.0,FAILED PASS TRAJECTORY LOCATION OZ,5,0,5,0.0,52
8481533.0,NORTH CYCLE +,1,1,1,1.0,52
8481533.0,OFF LPR OZ,2,2,2,1.0,52
8481533.0,SOUTH CYCLE OFFBOARDS+,2,2,2,1.0,52
8481533.0,NORTH CYCLE OFFBOARDS-,3,0,3,0.0,52
8481533.0,BLOCK OPPOSITION PASS-,1,0,1,0.0,52
8481533.0,LPR+ OZ,1,1,1,1.0,52
8481533.0,NORTH CYCLE OFFBOARDS+,1,1,1,1.0,52
8481533.0,D-ZONE PASS RECEPTION,1,1,1,1.0,52
8481533.0,DZ OUTLET PASS+,1,1,1,1.0,52
8481533.0,SHOT PRESSURE,3,0,3,0.0,52
8481533.0,OFF LPR DZ,1,1,1,1.0,52
8481533.0,NZPASS north OFFBOARDS+,1,1,1,1.0,52
8481533.0,OZ REC FACE OFF+,1,1,1,1.0,52
8481533.0,F/OFF LPR OZ,1,1,1,1.0,52
8481533.0,SOUTH CYCLE +,1,1,1,1.0,52
8481533.0,SOUTH CYCLE -,1,0,1,0.0,52
8481533.0,NZDEKE+,1,1,1,1.0,52
8481533.0,OZDEKE-,1,0,1,0.0,52
8481533.0,DUMP IN+,1,1,1,1.0,52
8481533.0,DZ FACE OFF-,1,0,1,0.0,52
8483445.0,BLOCK OPPOSITION PASS+,5,5,5,1.0,89
8483445.0,OFF LPR DZ,1,1,1,1.0,89
8483445.0,DZONE D2D OFFBOARDS+,1,1,1,1.0,89
8483445.0,DEF LPR DZ,2,2,2,1.0,89
8483445.0,DZ OUTLET PASS+,2,2,2,1.0,89
8483445.0,N-ZONE PASS RECEPTION,8,8,8,1.0,89
8483445.0,NZPASS north OFFBOARDS+,1,1,1,1.0,89
8483445.0,CONTROLLED ENTRY INTO OZ,4,4,4,1.0,89
8483445.0,NORTH CYCLE OFFBOARDS-,2,0,2,0.0,89
8483445.0,FAILED PASS TRAJECTORY LOCATION OZ,5,0,5,0.0,89
8483445.0,D-ZONE PASS RECEPTION,3,3,3,1.0,89
8483445.0,CONTROLLED EXIT FROM DZ,2,2,2,1.0,89
8483445.0,NZDEKE+,2,2,2,1.0,89
8483445.0,NZPASS north-,1,0,1,0.0,89
8483445.0,FAILED PASS TRAJECTORY LOCATION NZ,1,0,1,0.0,89
8483445.0,CONT OFF LPR DZ,1,1,1,1.0,89
8483445.0,DZ OUTLET PASS-,1,0,1,0.0,89
8483445.0,FAILED PASS TRAJECTORY LOCATION DZ,1,0,1,0.0,89
8483445.0,SHOT PRESSURE,3,0,3,0.0,89
8483445.0,BLOCK OPPOSITION SHOT+,1,1,1,1.0,89
8483445.0,O-ZONE PASS RECEPTION,7,7,7,1.0,89
8483445.0,SLOT SHOT FOR BLOCKED,1,0,1,0.0,89
8483445.0,CONT LPR- OZ,1,0,1,0.0,89
8483445.0,DZONE D2D+,1,1,1,1.0,89
8483445.0,OUTSIDE SHOT FOR BLOCKED,1,0,1,0.0,89
8483445.0,DUMPIN AGAINST,1,0,1,0.0,89
8483445.0,LPR+ DZ,1,1,1,1.0,89
8483445.0,CARRY OVER REDLINE,2,2,2,1.0,89
8483445.0,OZDEKE+,2,2,2,1.0,89
8483445.0,SOUTH CYCLE +,3,3,3,1.0,89
8483445.0,CONT OFF LPR OZ,1,1,1,1.0,89
8483445.0,EAST/WEST PASS-,1,0,1,0.0,89
8483445.0,NZONE E/W PASS+,1,1,1,1.0,89
8483445.0,OZPASS OFFBOARDS OFF THE RUSH+,1,1,1,1.0,89
8483445.0,F/OFF LPR+ NZ,1,1,1,1.0,89
8483445.0,NZPASS south+,1,1,1,1.0,89
8483445.0,DUMP IN+,1,1,1,1.0,89
8483445.0,CHIP DUMP+,1,1,1,1.0,89
8483445.0,OFF LPR OZ,3,3,3,1.0,89
8483445.0,NORTH CYCLE -,1,0,1,0.0,89
8483445.0,OZPASS TO SLOT+,1,1,1,1.0,89
8483445.0,1ST ASSIST,1,1,1,1.0,89
8483445.0,NORTH CYCLE OFFBOARDS+,1,1,1,1.0,89
8483445.0,OZPASS TO SLOT-,1,0,1,0.0,89
8483445.0,DZPUCKPROTECTION-,1,0,1,0.0,89
8483445.0,OZDEKE-,1,0,1,0.0,89
8483445.0,NZPASS north+,1,1,1,1.0,89
8483445.0,OZPUCKPROTECTION+,1,1,1,1.0,89
8483445.0,BLOCK OPPOSITION PASS-,1,0,1,0.0,89
8483445.0,OUTSIDE SHOT FOR MISSED,1,0,1,0.0,89
8477527.0,D-ZONE PASS RECEPTION,3,3,3,1.0,63
8477527.0,DZ OUTLET PASS+,1,1,1,1.0,63
8477527.0,OFF LPR NZ,1,1,1,1.0,63
8477527.0,NZPASS south+,3,3,3,1.0,63
8477527.0,O-ZONE PASS RECEPTION,6,6,6,1.0,63
8477527.0,NORTH CYCLE OFFBOARDS+,2,2,2,1.0,63
8477527.0,CONT F/OFF LPR+ NZ,1,1,1,1.0,63
8477527.0,OZ BODY CHK+,1,1,1,1.0,63
8477527.0,NORTH CYCLE +,1,1,1,1.0,63
8477527.0,OZPASS TO SLOT-,1,0,1,0.0,63
8477527.0,FAILED PASS TRAJECTORY LOCATION OZ,3,0,3,0.0,63
8477527.0,N-ZONE PASS RECEPTION,8,8,8,1.0,63
8477527.0,NZONE E/W PASS-,1,0,1,0.0,63
8477527.0,FAILED PASS TRAJECTORY LOCATION NZ,1,0,1,0.0,63
8477527.0,SHOT PRESSURE,4,0,4,0.0,63
8477527.0,BLOCK OPPOSITION SHOT+,2,2,2,1.0,63
8477527.0,DUMP IN+,2,2,2,1.0,63
8477527.0,CHIP DUMP+,3,3,3,1.0,63
8477527.0,DUMPIN AGAINST,1,0,1,0.0,63
8477527.0,DEF LPR DZ,1,1,1,1.0,63
8477527.0,FLIP DUMP OUT+,1,1,1,1.0,63
8477527.0,CONT DEFENSIVE DUMP LPR,1,1,1,1.0,63
8477527.0,OFFBOARDS OZ ENTRY PASS+,1,1,1,1.0,63
8477527.0,CONT LPR- OZ,1,0,1,0.0,63
8477527.0,OFF GLASS DUMP OUT+,1,1,1,1.0,63
8477527.0,NORTH CYCLE OFFBOARDS-,1,0,1,0.0,63
8477527.0,CONTROLLED EXIT FROM DZ,1,1,1,1.0,63
8477527.0,DZONE D2D+,1,1,1,1.0,63
8477527.0,BLOCK OPPOSITION PASS+,1,1,1,1.0,63
8477527.0,SLOT SHOT FOR MISSED,1,0,1,0.0,63
8477527.0,MISS SHOT LPR OZ,1,1,1,1.0,63
8477527.0,SOUTH CYCLE +,1,1,1,1.0,63
8477527.0,CONT LPR- DZ,1,0,1,0.0,63
8477527.0,CONT LPR- NZ,2,0,2,0.0,63
8477527.0,CONTROLLED ENTRY INTO OZ,1,1,1,1.0,63
8477527.0,OZPASS OFF THE RUSH-,1,0,1,0.0,63
8478462.0,DZ REC FACE OFF+,3,3,3,1.0,121
8478462.0,F/OFF LPR+ DZ,5,5,5,1.0,121
8478462.0,DZONE D2D+,6,6,6,1.0,121
8478462.0,OZ FACE OFF-,2,0,2,0.0,121
8478462.0,BLOCK OPPOSITION PASS+,3,3,3,1.0,121
8478462.0,DEF LPR DZ,1,1,1,1.0,121
8478462.0,DZ OUTLET PASS OFFBOARDS+,1,1,1,1.0,121
8478462.0,O-ZONE PASS RECEPTION,6,6,6,1.0,121
8478462.0,OZPUCKPROTECTION+,1,1,1,1.0,121
8478462.0,SOUTH CYCLE -,2,0,2,0.0,121
8478462.0,FAILED PASS TRAJECTORY LOCATION OZ,6,0,6,0.0,121
8478462.0,OZ REC FACE OFF+,2,2,2,1.0,121
8478462.0,F/OFF LPR OZ,2,2,2,1.0,121
8478462.0,SOUTH CYCLE +,2,2,2,1.0,121
8478462.0,D-ZONE PASS RECEPTION,7,7,7,1.0,121
8478462.0,DZ OUTLET PASS-,3,0,3,0.0,121
8478462.0,FAILED PASS TRAJECTORY LOCATION NZ,1,0,1,0.0,121
8478462.0,LPR+ NZ,1,1,1,1.0,121
8478462.0,NZPASS north+,1,1,1,1.0,121
8478462.0,CONT LPR- OZ,3,0,3,0.0,121
8478462.0,MISS SHOT LPR OZ,1,1,1,1.0,121
8478462.0,OZPASS TO SLOT-,1,0,1,0.0,121
8478462.0,NZ FACE OFF-,2,0,2,0.0,121
8478462.0,CONTROLLED EXIT FROM DZ,4,4,4,1.0,121
8478462.0,CARRY OVER REDLINE,4,4,4,1.0,121
8478462.0,OZ ENTRY PASS+,1,1,1,1.0,121
8478462.0,SLOT SHOT FOR BLOCKED,1,0,1,0.0,121
8478462.0,OFF GLASS DUMP OUT+,1,1,1,1.0,121
8478462.0,MISS PASS,1,0,1,0.0,121
8478462.0,OFF LPR DZ,2,2,2,1.0,121
8478462.0,NZONE E/W PASS+,1,1,1,1.0,121
8478462.0,OFF LPR NZ,1,1,1,1.0,121
8478462.0,DUMP IN+,3,3,3,1.0,121
8478462.0,FAILED PASS TRAJECTORY LOCATION DZ,2,0,2,0.0,121
8478462.0,DUMPIN AGAINST,3,0,3,0.0,121
8478462.0,N-ZONE PASS RECEPTION,4,4,4,1.0,121
8478462.0,LPR+ DZ,1,1,1,1.0,121
8478462.0,DZ OUTLET PASS+,1,1,1,1.0,121
8478462.0,NZDEKE-,1,0,1,0.0,121
8478462.0,HOOKING PENALTY NZ,1,1,1,1.0,121
8478462.0,NZ STICK CHK+,1,1,1,1.0,121
8478462.0,LPR FROM SC NZ,1,1,1,1.0,121
8478462.0,OPPOSITION DUMP LPR,1,1,1,1.0,121
8478462.0,NZPASS south+,1,1,1,1.0,121
8478462.0,DUMP IN-,1,0,1,0.0,121
8478462.0,BLOCK OPPOSITION PASS-,2,0,2,0.0,121
8478462.0,NZDEKE+,1,1,1,1.0,121
8478462.0,CONTROLLED ENTRY INTO OZ,2,2,2,1.0,121
8478462.0,OUTSIDE SHOT FOR ONNET,1,1,1,1.0,121
8478462.0,DZ STICK CHK+,1,1,1,1.0,121
8478462.0,LPR FROM SC DZ,2,2,2,1.0,121
8478462.0,OZ ENTRY PASS-,1,0,1,0.0,121
8478462.0,OZPASS OFF THE RUSH-,1,0,1,0.0,121
8478462.0,SHOT PRESSURE,1,0,1,0.0,121
8478462.0,DZONE D2D OFFBOARDS+,1,1,1,1.0,121
8478462.0,DZ REC FACE OFF+EXIT,2,2,2,1.0,121
8478462.0,OFF LPR OZ,1,1,1,1.0,121
8478462.0,SOUTH CYCLE OFFBOARDS+,2,2,2,1.0,121
8478462.0,NORTH CYCLE -,1,0,1,0.0,121
8478462.0,SLOT SHOT FOR MISSED,1,0,1,0.0,121
8478462.0,DEF LPR OZ,1,1,1,1.0,121
8478462.0,OUTSIDE SHOT FOR BLOCKED,1,0,1,0.0,121
8476434.0,HI PRESS DUMP IN LPR+,1,1,1,1.0,18
8476434.0,DZONE D2D OFFBOARDS-,1,0,1,0.0,18
8476434.0,FAILED PASS TRAJECTORY LOCATION DZ,2,0,2,0.0,18
8476434.0,DUMP IN LPR+,5,5,5,1.0,18
8476434.0,DZONE D2D+,4,4,4,1.0,18
8476434.0,DZ OUTLET PASS OFFBOARDS-,1,0,1,0.0,18
8476434.0,NO PRESSURE LPR+,2,2,2,1.0,18
8476434.0,DZ OUTLET PASS+,2,2,2,1.0,18
